Mfg_Part_Num,Part_Desc,E1_Brand,Unilog_Brand,DIB_Brand,Part_Manuf
140U-J0D3-C40,CIR BRKR 40A 3P 600V MOLDED CASE,ALLEN BRADLEY,,ROCKWELL,Rockwell Automation
QO3100,CIR BRKR 100A 3P 240V PLUG-IN 10KA,,Schneider Electric,,Schneider Electric
3SU1000-0AB10-0AA0,PUSHBUTTON 22MM ROUND PLASTIC BLACK FLUSH,SIEMENS,Siemens AG,,
BAB3030H,CIR BRKR 30A 3P 240V BOLT-ON 10KA,EATON,Eaton Bussmann,CUTLER-HAMMER,Eaton
OT16F3,DISCONNECT SWITCH 3P 16A DOOR MOUNT,ABB,ABB Installation,BALDOR,ABB Inc
PX2AN1XX150PSAAX,HEAVY DUTY PRESSURE TRANSDUCER 150 PSI,HONEYWELL,Honeywell Sensing,HONEYWELL,Honeywell International
PL-4-2,PUSH-TO-CONNECT FITTING 1/4 TUBE X 1/8 NPT MALE,PARKER,Parker Hannifin,PARKER,Parker Hannifin
25B-D010N104,POWERFLEX 525 VFD 5HP 480VAC 3PH,ALLEN BRADLEY,Allen-Bradley,ROCKWELL,Rockwell Automation
PKF16M434,PRATIKE INDUSTRIAL PLUG 16A 3P+E 400V IP44,SQUARE D,Schneider Electric,SQUARED,Schneider Electric
6GK5005-0BA00-1AB2,SCALANCE X005 UNMANAGED IE SWITCH 5 RJ45,SIEMENS,Siemens AG,SIEMENS,Siemens Industry
FNQ-R-10,CLASS CC TIME DELAY FUSE 10A 600V,EATON,,CUTLER-HAMMER,Eaton
AF16-30-10-13,CONTACTOR 16A 100-250VAC/DC 3P 1NO,,ABB Installation,,ABB Inc
GLAC01A1B,GLOBAL LIMIT SWITCH 1NC/1NO SPDT SNAP ACTION,HONEYWELL,Honeywell Sensing,,
06L22AC,PNEUMATIC LUBRICATOR 1/4 NPT STANDARD MIST,PARKER,Parker Hannifin,PARKER,Parker Hannifin
42EF-D1MNAK-A2,PHOTOSENSOR RETRO 24VDC NPN/PNP 2M,ALLEN BRADLEY,Allen-Bradley,ROCKWELL,Rockwell Automation
XMLB010A2S12,PRESSURE SWITCH 10 BAR ADJUSTABLE SCALE,SQUARE D,Schneider Electric,SQUARED,Schneider Electric
6EP1333-2BA20,SITOP POWER SUPPLY 24VDC 5A 120/230VAC,SIEMENS,Siemens AG,SIEMENS,Siemens Industry
C25DNF340A,DEFINITE PURPOSE CONTACTOR 40A 3P 120VAC,EATON,Eaton Bussmann,CUTLER-HAMMER,Eaton
CR-M024DC4,PLUG-IN MINIATURE RELAY 4PDT 6A 24VDC,ABB,ABB Installation,BALDOR,ABB Inc
CSNE151-100,CLOSED LOOP CURRENT SENSOR 25A PCB MOUNT,HONEYWELL,Honeywell Sensing,HONEYWELL,Honeywell International
P2LBX512ESNDDB49,VALVE SOLENOID 24VDC 5/2 WAY 1/4 NPT,PARKER,,PARKER,Parker Hannifin
100-C09EJ01,CONTACTOR 9A 24VDC 1NC 3P IEC,,Allen-Bradley,,Rockwell Automation
LC1D25BD,CONTACTOR 25A 24VDC 3P TEESYS D,SQUARE D,Schneider Electric,,
6ES7214-1AG40-0XB0,SIMATIC S7-1200 CPU 1214C DC/DC/DC 14DI/10DQ/2AI,SIEMENS,Siemens AG,SIEMENS,Siemens Industry
XTCE018C10TD,CONTACTOR 18A 24VDC 1NO 3P FRAME C,EATON,Eaton Bussmann,CUTLER-HAMMER,Eaton
CP1-10G-10,PUSHBUTTON 22MM COMPACT GREEN FLUSH 1NO,ABB,ABB Installation,BALDOR,ABB Inc
14CE2-1,COMPACT ENCLOSED SWITCH ROLLER PLUNGER 1M,HONEYWELL,Honeywell Sensing,HONEYWELL,Honeywell International
PS1-E111,PNEUMATIC PRESSURE SWITCH 1-10 BAR DIN CONNECTOR,PARKER,Parker Hannifin,PARKER,Parker Hannifin
140G-G6C3-C50,MOLDED CASE CIR BRKR 50A 3P 480V,ALLEN BRADLEY,Allen-Bradley,ROCKWELL,Rockwell Automation
LADN22,AUXILIARY CONTACT BLOCK 2NO+2NC TEESYS,SQUARE D,Schneider Electric,SQUARED,Schneider Electric
3RV2011-1AA10,CIR BRKR SIZE S00 FOR MOTOR PROT 0.9-1.25A,SIEMENS,,SIEMENS,Siemens Industry
KTK-R-15,CLASS CC FAST ACTING FUSE 15A 600V,,Eaton Bussmann,,Eaton
ACS380-040S-02A6-4,MACHINERY DRIVE 1HP 480V 3PH IP20,ABB,ABB Installation,,
AML21BBA2AA,PUSHBUTTON PUSH-ON/PUSH-OFF SQUARE ILLUM,HONEYWELL,Honeywell Sensing,HONEYWELL,Honeywell International
MA33D-1/4,PRESSURE GAUGE 0-160 PSI 1/4 NPT BACK MOUNT,PARKER,Parker Hannifin,PARKER,Parker Hannifin
1756-L83E,CONTROLLOGIX 5580 CONTROLLER 10MB,ALLEN BRADLEY,Allen-Bradley,ROCKWELL,Rockwell Automation
TM221CE16R,MODICON M221 PLC 16 IO RELAY ETHERNET,SQUARE D,Schneider Electric,SQUARED,Schneider Electric
3SE5112-0CD02,LIMIT SWITCH METAL ENCLOSURE ROLLER PLUNGER,SIEMENS,Siemens AG,SIEMENS,Siemens Industry
DG1-34012FB-C21C,POWERXL DG1 VFD 7.5HP 480V IP21,EATON,Eaton Bussmann,CUTLER-HAMMER,Eaton
XT2N 125 EKIP LS/I IN=25A,TMAX XT2 CIR BRKR 25A 3P 600V,ABB,ABB Installation,BALDOR,ABB Inc
SZL-VL-S-J,MINIATURE LIMIT SWITCH CROSS ROLLER PLUNGER,HONEYWELL,,HONEYWELL,Honeywell International
06F22AC,PNEUMATIC FILTER 1/4 NPT 5 MICRON COMPACT,,Parker Hannifin,,Parker Hannifin
800T-A1A,PUSHBUTTON 30.5MM MOMENTARY BLACK FLUSH,ALLEN BRADLEY,Allen-Bradley,,
XB4BA21,PUSHBUTTON 22MM FLUSH BLACK SPRING RETURN,SQUARE D,Schneider Electric,SQUARED,Schneider Electric
6SL3210-1KE13-2UB2,SINAMICS G120C 1.5KW 400V 3AC PROFINET,SIEMENS,Siemens AG,SIEMENS,Siemens Industry
M22-D-G,PUSHBUTTON 22.5MM NON-ILLUM GREEN FLUSH,EATON,Eaton Bussmann,CUTLER-HAMMER,Eaton
TA25DU-11,THERMAL OVERLOAD RELAY 7.5-11A FOR AF09-AF38,ABB,ABB Installation,BALDOR,ABB Inc
MICRO SWITCH BZ-2RW82-A2,PREMIUM LARGE BASIC SWITCH SPDT 15A 125V,HONEYWELL,Honeywell Sensing,HONEYWELL,Honeywell International
DX1-411-BL49,ISO 5599-1 SIZE 1 VALVE 5/2 SINGLE SOLENOID 24VDC,PARKER,Parker Hannifin,PARKER,Parker Hannifin
193-EEB,ELECTRONIC OVERLOAD RELAY 1-5A,ALLEN BRADLEY,Allen-Bradley,ROCKWELL,Rockwell Automation
QO120,CIR BRKR 20A 1P 120V PLUG-IN 10KA,SQUARE D,,SQUARED,Schneider Electric
3RT2015-1BB41,POWER CONTACTOR 7A 24VDC 3P S00 SCREW,,Siemens AG,,Siemens Industry
LPJ-30SP,LOW-PEAK TIME DELAY FUSE 30A 600V DUAL ELEM,EATON,Eaton Bussmann,,
EM3558T,BALDOR RELIANCE MOTOR 3HP 1800RPM 3PH 56C TEFC,ABB,ABB Installation,BALDOR,ABB Inc
SS49E,LINEAR HALL EFFECT SENSOR 3-PIN RADIAL,HONEYWELL,Honeywell Sensing,HONEYWELL,Honeywell International
341N01,VALVE SOLENOID 2-WAY NC 1/4 NPT BRASS 120V,PARKER,Parker Hannifin,PARKER,Parker Hannifin
5069-IB16,COMPACT 5000 16PT 24VDC INPUT MODULE,ALLEN BRADLEY,Allen-Bradley,ROCKWELL,Rockwell Automation
ATV320U15N4B,ALTIVAR 320 VFD 2HP 480V 3PH COMPACT,SQUARE D,Schneider Electric,SQUARED,Schneider Electric
3VA5110-4EC31-0AA0,MOLDED CASE CIR BRKR 100A 3P 480V 25KA,SIEMENS,Siemens AG,SIEMENS,Siemens Industry
PSG240E24RM,POWER SUPPLY 24VDC 10A 240W DIN RAIL,EATON,Eaton Bussmann,CUTLER-HAMMER,Eaton
S203-C20,MINIATURE CIR BRKR 20A 3P 480Y/277V C CURVE,ABB,,BALDOR,ABB Inc
24PCEFA6G,PRESSURE SENSOR 0-0.5 PSI GAUGE PCB MOUNT,,Honeywell Sensing,,Honeywell International
06R213AC,PNEUMATIC REGULATOR 1/4 NPT 0-125 PSI,PARKER,Parker Hannifin,,
700-HA32A24,RELAY 24VAC 10A 2PDT OCTAL TUBE,ALLEN BRADLEY,Allen-Bradley,ROCKWELL,Rockwell Automation
RPM31BD,POWER RELAY 15A 3PDT 24VDC WITH LED,SQUARE D,Schneider Electric,SQUARED,Schneider Electric
3RU2116-1BB0,THERMAL OVERLOAD RELAY 1.4-2.0A SIZE S00,SIEMENS,Siemens AG,SIEMENS,Siemens Industry
E57-18LE12-A,PROX SENSOR INDUCTIVE M18 12MM NPN NO,EATON,Eaton Bussmann,CUTLER-HAMMER,Eaton
CP-E 24/2.5,POWER SUPPLY 24VDC 2.5A 100-240VAC IN,ABB,ABB Installation,BALDOR,ABB Inc
HIH-4000-001,HUMIDITY SENSOR ANALOG VOLTAGE OUTPUT,HONEYWELL,Honeywell Sensing,HONEYWELL,Honeywell International
F442-10-10,HYDRAULIC HOSE FITTING FEMALE JIC 5/8 TUBE,PARKER,Parker Hannifin,PARKER,Parker Hannifin
140U-J0D3-C40-11,CIR BRKR 40A 3P 600V MOLDED CASE,ALLEN BRADLEY,,ROCKWELL,Rockwell Automation
QO3100-11,CIR BRKR 100A 3P 240V PLUG-IN 10KA,,Schneider Electric,,Schneider Electric
3SU1000-0AB10-0AA0-11,PUSHBUTTON 22MM ROUND PLASTIC BLACK FLUSH,SIEMENS,Siemens AG,,
BAB3030H-11,CIR BRKR 30A 3P 240V BOLT-ON 10KA,EATON,Eaton Bussmann,CUTLER-HAMMER,Eaton
OT16F3-11,DISCONNECT SWITCH 3P 16A DOOR MOUNT,ABB,ABB Installation,BALDOR,ABB Inc
PX2AN1XX150PSAAX-11,HEAVY DUTY PRESSURE TRANSDUCER 150 PSI,HONEYWELL,Honeywell Sensing,HONEYWELL,Honeywell International
PL-4-2-11,PUSH-TO-CONNECT FITTING 1/4 TUBE X 1/8 NPT MALE,PARKER,Parker Hannifin,PARKER,Parker Hannifin
25B-D010N104-12,POWERFLEX 525 VFD 5HP 480VAC 3PH,ALLEN BRADLEY,Allen-Bradley,ROCKWELL,Rockwell Automation
PKF16M434-12,PRATIKE INDUSTRIAL PLUG 16A 3P+E 400V IP44,SQUARE D,Schneider Electric,SQUARED,Schneider Electric
6GK5005-0BA00-1AB2-12,SCALANCE X005 UNMANAGED IE SWITCH 5 RJ45,SIEMENS,Siemens AG,SIEMENS,Siemens Industry
FNQ-R-10-12,CLASS CC TIME DELAY FUSE 10A 600V,EATON,,CUTLER-HAMMER,Eaton
AF16-30-10-13-12,CONTACTOR 16A 100-250VAC/DC 3P 1NO,,ABB Installation,,ABB Inc
GLAC01A1B-12,GLOBAL LIMIT SWITCH 1NC/1NO SPDT SNAP ACTION,HONEYWELL,Honeywell Sensing,,
06L22AC-12,PNEUMATIC LUBRICATOR 1/4 NPT STANDARD MIST,PARKER,Parker Hannifin,PARKER,Parker Hannifin
42EF-D1MNAK-A2-13,PHOTOSENSOR RETRO 24VDC NPN/PNP 2M,ALLEN BRADLEY,Allen-Bradley,ROCKWELL,Rockwell Automation
XMLB010A2S12-13,PRESSURE SWITCH 10 BAR ADJUSTABLE SCALE,SQUARE D,Schneider Electric,SQUARED,Schneider Electric
6EP1333-2BA20-13,SITOP POWER SUPPLY 24VDC 5A 120/230VAC,SIEMENS,Siemens AG,SIEMENS,Siemens Industry
C25DNF340A-13,DEFINITE PURPOSE CONTACTOR 40A 3P 120VAC,EATON,Eaton Bussmann,CUTLER-HAMMER,Eaton
CR-M024DC4-13,PLUG-IN MINIATURE RELAY 4PDT 6A 24VDC,ABB,ABB Installation,BALDOR,ABB Inc
CSNE151-100-13,CLOSED LOOP CURRENT SENSOR 25A PCB MOUNT,HONEYWELL,Honeywell Sensing,HONEYWELL,Honeywell International
P2LBX512ESNDDB49-13,VALVE SOLENOID 24VDC 5/2 WAY 1/4 NPT,PARKER,,PARKER,Parker Hannifin
100-C09EJ01-14,CONTACTOR 9A 24VDC 1NC 3P IEC,,Allen-Bradley,,Rockwell Automation
LC1D25BD-14,CONTACTOR 25A 24VDC 3P TEESYS D,SQUARE D,Schneider Electric,,
6ES7214-1AG40-0XB0-14,SIMATIC S7-1200 CPU 1214C DC/DC/DC 14DI/10DQ/2AI,SIEMENS,Siemens AG,SIEMENS,Siemens Industry
XTCE018C10TD-14,CONTACTOR 18A 24VDC 1NO 3P FRAME C,EATON,Eaton Bussmann,CUTLER-HAMMER,Eaton
CP1-10G-10-14,PUSHBUTTON 22MM COMPACT GREEN FLUSH 1NO,ABB,ABB Installation,BALDOR,ABB Inc
14CE2-1-14,COMPACT ENCLOSED SWITCH ROLLER PLUNGER 1M,HONEYWELL,Honeywell Sensing,HONEYWELL,Honeywell International
PS1-E111-14,PNEUMATIC PRESSURE SWITCH 1-10 BAR DIN CONNECTOR,PARKER,Parker Hannifin,PARKER,Parker Hannifin
140G-G6C3-C50-15,MOLDED CASE CIR BRKR 50A 3P 480V,ALLEN BRADLEY,Allen-Bradley,ROCKWELL,Rockwell Automation
LADN22-15,AUXILIARY CONTACT BLOCK 2NO+2NC TEESYS,SQUARE D,Schneider Electric,SQUARED,Schneider Electric
3RV2011-1AA10-15,CIR BRKR SIZE S00 FOR MOTOR PROT 0.9-1.25A,SIEMENS,,SIEMENS,Siemens Industry
KTK-R-15-15,CLASS CC FAST ACTING FUSE 15A 600V,,Eaton Bussmann,,Eaton
ACS380-040S-02A6-4-15,MACHINERY DRIVE 1HP 480V 3PH IP20,ABB,ABB Installation,,
AML21BBA2AA-15,PUSHBUTTON PUSH-ON/PUSH-OFF SQUARE ILLUM,HONEYWELL,Honeywell Sensing,HONEYWELL,Honeywell International
MA33D-1/4-15,PRESSURE GAUGE 0-160 PSI 1/4 NPT BACK MOUNT,PARKER,Parker Hannifin,PARKER,Parker Hannifin
1756-L83E-16,CONTROLLOGIX 5580 CONTROLLER 10MB,ALLEN BRADLEY,Allen-Bradley,ROCKWELL,Rockwell Automation
TM221CE16R-16,MODICON M221 PLC 16 IO RELAY ETHERNET,SQUARE D,Schneider Electric,SQUARED,Schneider Electric
3SE5112-0CD02-16,LIMIT SWITCH METAL ENCLOSURE ROLLER PLUNGER,SIEMENS,Siemens AG,SIEMENS,Siemens Industry
DG1-34012FB-C21C-16,POWERXL DG1 VFD 7.5HP 480V IP21,EATON,Eaton Bussmann,CUTLER-HAMMER,Eaton
XT2N 125 EKIP LS/I IN=25A-16,TMAX XT2 CIR BRKR 25A 3P 600V,ABB,ABB Installation,BALDOR,ABB Inc
SZL-VL-S-J-16,MINIATURE LIMIT SWITCH CROSS ROLLER PLUNGER,HONEYWELL,,HONEYWELL,Honeywell International
06F22AC-16,PNEUMATIC FILTER 1/4 NPT 5 MICRON COMPACT,,Parker Hannifin,,Parker Hannifin
800T-A1A-17,PUSHBUTTON 30.5MM MOMENTARY BLACK FLUSH,ALLEN BRADLEY,Allen-Bradley,,
XB4BA21-17,PUSHBUTTON 22MM FLUSH BLACK SPRING RETURN,SQUARE D,Schneider Electric,SQUARED,Schneider Electric
6SL3210-1KE13-2UB2-17,SINAMICS G120C 1.5KW 400V 3AC PROFINET,SIEMENS,Siemens AG,SIEMENS,Siemens Industry
M22-D-G-17,PUSHBUTTON 22.5MM NON-ILLUM GREEN FLUSH,EATON,Eaton Bussmann,CUTLER-HAMMER,Eaton
TA25DU-11-17,THERMAL OVERLOAD RELAY 7.5-11A FOR AF09-AF38,ABB,ABB Installation,BALDOR,ABB Inc
MICRO SWITCH BZ-2RW82-A2-17,PREMIUM LARGE BASIC SWITCH SPDT 15A 125V,HONEYWELL,Honeywell Sensing,HONEYWELL,Honeywell International
DX1-411-BL49-17,ISO 5599-1 SIZE 1 VALVE 5/2 SINGLE SOLENOID 24VDC,PARKER,Parker Hannifin,PARKER,Parker Hannifin
193-EEB-18,ELECTRONIC OVERLOAD RELAY 1-5A,ALLEN BRADLEY,Allen-Bradley,ROCKWELL,Rockwell Automation
QO120-18,CIR BRKR 20A 1P 120V PLUG-IN 10KA,SQUARE D,,SQUARED,Schneider Electric
3RT2015-1BB41-18,POWER CONTACTOR 7A 24VDC 3P S00 SCREW,,Siemens AG,,Siemens Industry
LPJ-30SP-18,LOW-PEAK TIME DELAY FUSE 30A 600V DUAL ELEM,EATON,Eaton Bussmann,,
EM3558T-18,BALDOR RELIANCE MOTOR 3HP 1800RPM 3PH 56C TEFC,ABB,ABB Installation,BALDOR,ABB Inc
SS49E-18,LINEAR HALL EFFECT SENSOR 3-PIN RADIAL,HONEYWELL,Honeywell Sensing,HONEYWELL,Honeywell International
341N01-18,VALVE SOLENOID 2-WAY NC 1/4 NPT BRASS 120V,PARKER,Parker Hannifin,PARKER,Parker Hannifin
5069-IB16-19,COMPACT 5000 16PT 24VDC INPUT MODULE,ALLEN BRADLEY,Allen-Bradley,ROCKWELL,Rockwell Automation
ATV320U15N4B-19,ALTIVAR 320 VFD 2HP 480V 3PH COMPACT,SQUARE D,Schneider Electric,SQUARED,Schneider Electric
3VA5110-4EC31-0AA0-19,MOLDED CASE CIR BRKR 100A 3P 480V 25KA,SIEMENS,Siemens AG,SIEMENS,Siemens Industry
PSG240E24RM-19,POWER SUPPLY 24VDC 10A 240W DIN RAIL,EATON,Eaton Bussmann,CUTLER-HAMMER,Eaton
S203-C20-19,MINIATURE CIR BRKR 20A 3P 480Y/277V C CURVE,ABB,,BALDOR,ABB Inc
24PCEFA6G-19,PRESSURE SENSOR 0-0.5 PSI GAUGE PCB MOUNT,,Honeywell Sensing,,Honeywell International
06R213AC-19,PNEUMATIC REGULATOR 1/4 NPT 0-125 PSI,PARKER,Parker Hannifin,,
700-HA32A24-20,RELAY 24VAC 10A 2PDT OCTAL TUBE,ALLEN BRADLEY,Allen-Bradley,ROCKWELL,Rockwell Automation
RPM31BD-20,POWER RELAY 15A 3PDT 24VDC WITH LED,SQUARE D,Schneider Electric,SQUARED,Schneider Electric
3RU2116-1BB0-20,THERMAL OVERLOAD RELAY 1.4-2.0A SIZE S00,SIEMENS,Siemens AG,SIEMENS,Siemens Industry
E57-18LE12-A-20,PROX SENSOR INDUCTIVE M18 12MM NPN NO,EATON,Eaton Bussmann,CUTLER-HAMMER,Eaton
CP-E 24/2.5-20,POWER SUPPLY 24VDC 2.5A 100-240VAC IN,ABB,ABB Installation,BALDOR,ABB Inc
HIH-4000-001-20,HUMIDITY SENSOR ANALOG VOLTAGE OUTPUT,HONEYWELL,Honeywell Sensing,HONEYWELL,Honeywell International
F442-10-10-20,HYDRAULIC HOSE FITTING FEMALE JIC 5/8 TUBE,PARKER,Parker Hannifin,PARKER,Parker Hannifin
140U-J0D3-C40-21,CIR BRKR 40A 3P 600V MOLDED CASE,ALLEN BRADLEY,,ROCKWELL,Rockwell Automation
QO3100-21,CIR BRKR 100A 3P 240V PLUG-IN 10KA,,Schneider Electric,,Schneider Electric
3SU1000-0AB10-0AA0-21,PUSHBUTTON 22MM ROUND PLASTIC BLACK FLUSH,SIEMENS,Siemens AG,,
BAB3030H-21,CIR BRKR 30A 3P 240V BOLT-ON 10KA,EATON,Eaton Bussmann,CUTLER-HAMMER,Eaton
OT16F3-21,DISCONNECT SWITCH 3P 16A DOOR MOUNT,ABB,ABB Installation,BALDOR,ABB Inc
PX2AN1XX150PSAAX-21,HEAVY DUTY PRESSURE TRANSDUCER 150 PSI,HONEYWELL,Honeywell Sensing,HONEYWELL,Honeywell International
PL-4-2-21,PUSH-TO-CONNECT FITTING 1/4 TUBE X 1/8 NPT MALE,PARKER,Parker Hannifin,PARKER,Parker Hannifin
25B-D010N104-22,POWERFLEX 525 VFD 5HP 480VAC 3PH,ALLEN BRADLEY,Allen-Bradley,ROCKWELL,Rockwell Automation
PKF16M434-22,PRATIKE INDUSTRIAL PLUG 16A 3P+E 400V IP44,SQUARE D,Schneider Electric,SQUARED,Schneider Electric
6GK5005-0BA00-1AB2-22,SCALANCE X005 UNMANAGED IE SWITCH 5 RJ45,SIEMENS,Siemens AG,SIEMENS,Siemens Industry
FNQ-R-10-22,CLASS CC TIME DELAY FUSE 10A 600V,EATON,,CUTLER-HAMMER,Eaton
AF16-30-10-13-22,CONTACTOR 16A 100-250VAC/DC 3P 1NO,,ABB Installation,,ABB Inc
GLAC01A1B-22,GLOBAL LIMIT SWITCH 1NC/1NO SPDT SNAP ACTION,HONEYWELL,Honeywell Sensing,,
06L22AC-22,PNEUMATIC LUBRICATOR 1/4 NPT STANDARD MIST,PARKER,Parker Hannifin,PARKER,Parker Hannifin
42EF-D1MNAK-A2-23,PHOTOSENSOR RETRO 24VDC NPN/PNP 2M,ALLEN BRADLEY,Allen-Bradley,ROCKWELL,Rockwell Automation
XMLB010A2S12-23,PRESSURE SWITCH 10 BAR ADJUSTABLE SCALE,SQUARE D,Schneider Electric,SQUARED,Schneider Electric
6EP1333-2BA20-23,SITOP POWER SUPPLY 24VDC 5A 120/230VAC,SIEMENS,Siemens AG,SIEMENS,Siemens Industry
C25DNF340A-23,DEFINITE PURPOSE CONTACTOR 40A 3P 120VAC,EATON,Eaton Bussmann,CUTLER-HAMMER,Eaton
CR-M024DC4-23,PLUG-IN MINIATURE RELAY 4PDT 6A 24VDC,ABB,ABB Installation,BALDOR,ABB Inc
CSNE151-100-23,CLOSED LOOP CURRENT SENSOR 25A PCB MOUNT,HONEYWELL,Honeywell Sensing,HONEYWELL,Honeywell International
P2LBX512ESNDDB49-23,VALVE SOLENOID 24VDC 5/2 WAY 1/4 NPT,PARKER,,PARKER,Parker Hannifin
100-C09EJ01-24,CONTACTOR 9A 24VDC 1NC 3P IEC,,Allen-Bradley,,Rockwell Automation
LC1D25BD-24,CONTACTOR 25A 24VDC 3P TEESYS D,SQUARE D,Schneider Electric,,
6ES7214-1AG40-0XB0-24,SIMATIC S7-1200 CPU 1214C DC/DC/DC 14DI/10DQ/2AI,SIEMENS,Siemens AG,SIEMENS,Siemens Industry
XTCE018C10TD-24,CONTACTOR 18A 24VDC 1NO 3P FRAME C,EATON,Eaton Bussmann,CUTLER-HAMMER,Eaton
CP1-10G-10-24,PUSHBUTTON 22MM COMPACT GREEN FLUSH 1NO,ABB,ABB Installation,BALDOR,ABB Inc
14CE2-1-24,COMPACT ENCLOSED SWITCH ROLLER PLUNGER 1M,HONEYWELL,Honeywell Sensing,HONEYWELL,Honeywell International
PS1-E111-24,PNEUMATIC PRESSURE SWITCH 1-10 BAR DIN CONNECTOR,PARKER,Parker Hannifin,PARKER,Parker Hannifin
140G-G6C3-C50-25,MOLDED CASE CIR BRKR 50A 3P 480V,ALLEN BRADLEY,Allen-Bradley,ROCKWELL,Rockwell Automation
LADN22-25,AUXILIARY CONTACT BLOCK 2NO+2NC TEESYS,SQUARE D,Schneider Electric,SQUARED,Schneider Electric
3RV2011-1AA10-25,CIR BRKR SIZE S00 FOR MOTOR PROT 0.9-1.25A,SIEMENS,,SIEMENS,Siemens Industry
KTK-R-15-25,CLASS CC FAST ACTING FUSE 15A 600V,,Eaton Bussmann,,Eaton
ACS380-040S-02A6-4-25,MACHINERY DRIVE 1HP 480V 3PH IP20,ABB,ABB Installation,,
AML21BBA2AA-25,PUSHBUTTON PUSH-ON/PUSH-OFF SQUARE ILLUM,HONEYWELL,Honeywell Sensing,HONEYWELL,Honeywell International
MA33D-1/4-25,PRESSURE GAUGE 0-160 PSI 1/4 NPT BACK MOUNT,PARKER,Parker Hannifin,PARKER,Parker Hannifin
1756-L83E-26,CONTROLLOGIX 5580 CONTROLLER 10MB,ALLEN BRADLEY,Allen-Bradley,ROCKWELL,Rockwell Automation
TM221CE16R-26,MODICON M221 PLC 16 IO RELAY ETHERNET,SQUARE D,Schneider Electric,SQUARED,Schneider Electric
3SE5112-0CD02-26,LIMIT SWITCH METAL ENCLOSURE ROLLER PLUNGER,SIEMENS,Siemens AG,SIEMENS,Siemens Industry
DG1-34012FB-C21C-26,POWERXL DG1 VFD 7.5HP 480V IP21,EATON,Eaton Bussmann,CUTLER-HAMMER,Eaton
XT2N 125 EKIP LS/I IN=25A-26,TMAX XT2 CIR BRKR 25A 3P 600V,ABB,ABB Installation,BALDOR,ABB Inc
SZL-VL-S-J-26,MINIATURE LIMIT SWITCH CROSS ROLLER PLUNGER,HONEYWELL,,HONEYWELL,Honeywell International
06F22AC-26,PNEUMATIC FILTER 1/4 NPT 5 MICRON COMPACT,,Parker Hannifin,,Parker Hannifin
800T-A1A-27,PUSHBUTTON 30.5MM MOMENTARY BLACK FLUSH,ALLEN BRADLEY,Allen-Bradley,,
XB4BA21-27,PUSHBUTTON 22MM FLUSH BLACK SPRING RETURN,SQUARE D,Schneider Electric,SQUARED,Schneider Electric
6SL3210-1KE13-2UB2-27,SINAMICS G120C 1.5KW 400V 3AC PROFINET,SIEMENS,Siemens AG,SIEMENS,Siemens Industry
M22-D-G-27,PUSHBUTTON 22.5MM NON-ILLUM GREEN FLUSH,EATON,Eaton Bussmann,CUTLER-HAMMER,Eaton
TA25DU-11-27,THERMAL OVERLOAD RELAY 7.5-11A FOR AF09-AF38,ABB,ABB Installation,BALDOR,ABB Inc
MICRO SWITCH BZ-2RW82-A2-27,PREMIUM LARGE BASIC SWITCH SPDT 15A 125V,HONEYWELL,Honeywell Sensing,HONEYWELL,Honeywell International
DX1-411-BL49-27,ISO 5599-1 SIZE 1 VALVE 5/2 SINGLE SOLENOID 24VDC,PARKER,Parker Hannifin,PARKER,Parker Hannifin
193-EEB-28,ELECTRONIC OVERLOAD RELAY 1-5A,ALLEN BRADLEY,Allen-Bradley,ROCKWELL,Rockwell Automation
QO120-28,CIR BRKR 20A 1P 120V PLUG-IN 10KA,SQUARE D,,SQUARED,Schneider Electric
3RT2015-1BB41-28,POWER CONTACTOR 7A 24VDC 3P S00 SCREW,,Siemens AG,,Siemens Industry
LPJ-30SP-28,LOW-PEAK TIME DELAY FUSE 30A 600V DUAL ELEM,EATON,Eaton Bussmann,,
EM3558T-28,BALDOR RELIANCE MOTOR 3HP 1800RPM 3PH 56C TEFC,ABB,ABB Installation,BALDOR,ABB Inc
SS49E-28,LINEAR HALL EFFECT SENSOR 3-PIN RADIAL,HONEYWELL,Honeywell Sensing,HONEYWELL,Honeywell International
341N01-28,VALVE SOLENOID 2-WAY NC 1/4 NPT BRASS 120V,PARKER,Parker Hannifin,PARKER,Parker Hannifin
5069-IB16-29,COMPACT 5000 16PT 24VDC INPUT MODULE,ALLEN BRADLEY,Allen-Bradley,ROCKWELL,Rockwell Automation
ATV320U15N4B-29,ALTIVAR 320 VFD 2HP 480V 3PH COMPACT,SQUARE D,Schneider Electric,SQUARED,Schneider Electric
3VA5110-4EC31-0AA0-29,MOLDED CASE CIR BRKR 100A 3P 480V 25KA,SIEMENS,Siemens AG,SIEMENS,Siemens Industry
PSG240E24RM-29,POWER SUPPLY 24VDC 10A 240W DIN RAIL,EATON,Eaton Bussmann,CUTLER-HAMMER,Eaton
S203-C20-29,MINIATURE CIR BRKR 20A 3P 480Y/277V C CURVE,ABB,,BALDOR,ABB Inc
24PCEFA6G-29,PRESSURE SENSOR 0-0.5 PSI GAUGE PCB MOUNT,,Honeywell Sensing,,Honeywell International
06R213AC-29,PNEUMATIC REGULATOR 1/4 NPT 0-125 PSI,PARKER,Parker Hannifin,,
700-HA32A24-30,RELAY 24VAC 10A 2PDT OCTAL TUBE,ALLEN BRADLEY,Allen-Bradley,ROCKWELL,Rockwell Automation
RPM31BD-30,POWER RELAY 15A 3PDT 24VDC WITH LED,SQUARE D,Schneider Electric,SQUARED,Schneider Electric
3RU2116-1BB0-30,THERMAL OVERLOAD RELAY 1.4-2.0A SIZE S00,SIEMENS,Siemens AG,SIEMENS,Siemens Industry
E57-18LE12-A-30,PROX SENSOR INDUCTIVE M18 12MM NPN NO,EATON,Eaton Bussmann,CUTLER-HAMMER,Eaton
CP-E 24/2.5-30,POWER SUPPLY 24VDC 2.5A 100-240VAC IN,ABB,ABB Installation,BALDOR,ABB Inc
HIH-4000-001-30,HUMIDITY SENSOR ANALOG VOLTAGE OUTPUT,HONEYWELL,Honeywell Sensing,HONEYWELL,Honeywell International
F442-10-10-30,HYDRAULIC HOSE FITTING FEMALE JIC 5/8 TUBE,PARKER,Parker Hannifin,PARKER,Parker Hannifin
140U-J0D3-C40-31,CIR BRKR 40A 3P 600V MOLDED CASE,ALLEN BRADLEY,,ROCKWELL,Rockwell Automation
QO3100-31,CIR BRKR 100A 3P 240V PLUG-IN 10KA,,Schneider Electric,,Schneider Electric
3SU1000-0AB10-0AA0-31,PUSHBUTTON 22MM ROUND PLASTIC BLACK FLUSH,SIEMENS,Siemens AG,,
BAB3030H-31,CIR BRKR 30A 3P 240V BOLT-ON 10KA,EATON,Eaton Bussmann,CUTLER-HAMMER,Eaton
OT16F3-31,DISCONNECT SWITCH 3P 16A DOOR MOUNT,ABB,ABB Installation,BALDOR,ABB Inc
PX2AN1XX150PSAAX-31,HEAVY DUTY PRESSURE TRANSDUCER 150 PSI,HONEYWELL,Honeywell Sensing,HONEYWELL,Honeywell International
PL-4-2-31,PUSH-TO-CONNECT FITTING 1/4 TUBE X 1/8 NPT MALE,PARKER,Parker Hannifin,PARKER,Parker Hannifin
25B-D010N104-32,POWERFLEX 525 VFD 5HP 480VAC 3PH,ALLEN BRADLEY,Allen-Bradley,ROCKWELL,Rockwell Automation
PKF16M434-32,PRATIKE INDUSTRIAL PLUG 16A 3P+E 400V IP44,SQUARE D,Schneider Electric,SQUARED,Schneider Electric
6GK5005-0BA00-1AB2-32,SCALANCE X005 UNMANAGED IE SWITCH 5 RJ45,SIEMENS,Siemens AG,SIEMENS,Siemens Industry
FNQ-R-10-32,CLASS CC TIME DELAY FUSE 10A 600V,EATON,,CUTLER-HAMMER,Eaton
AF16-30-10-13-32,CONTACTOR 16A 100-250VAC/DC 3P 1NO,,ABB Installation,,ABB Inc
GLAC01A1B-32,GLOBAL LIMIT SWITCH 1NC/1NO SPDT SNAP ACTION,HONEYWELL,Honeywell Sensing,,
06L22AC-32,PNEUMATIC LUBRICATOR 1/4 NPT STANDARD MIST,PARKER,Parker Hannifin,PARKER,Parker Hannifin
42EF-D1MNAK-A2-33,PHOTOSENSOR RETRO 24VDC NPN/PNP 2M,ALLEN BRADLEY,Allen-Bradley,ROCKWELL,Rockwell Automation
XMLB010A2S12-33,PRESSURE SWITCH 10 BAR ADJUSTABLE SCALE,SQUARE D,Schneider Electric,SQUARED,Schneider Electric
6EP1333-2BA20-33,SITOP POWER SUPPLY 24VDC 5A 120/230VAC,SIEMENS,Siemens AG,SIEMENS,Siemens Industry
C25DNF340A-33,DEFINITE PURPOSE CONTACTOR 40A 3P 120VAC,EATON,Eaton Bussmann,CUTLER-HAMMER,Eaton
CR-M024DC4-33,PLUG-IN MINIATURE RELAY 4PDT 6A 24VDC,ABB,ABB Installation,BALDOR,ABB Inc
CSNE151-100-33,CLOSED LOOP CURRENT SENSOR 25A PCB MOUNT,HONEYWELL,Honeywell Sensing,HONEYWELL,Honeywell International
P2LBX512ESNDDB49-33,VALVE SOLENOID 24VDC 5/2 WAY 1/4 NPT,PARKER,,PARKER,Parker Hannifin
100-C09EJ01-34,CONTACTOR 9A 24VDC 1NC 3P IEC,,Allen-Bradley,,Rockwell Automation
LC1D25BD-34,CONTACTOR 25A 24VDC 3P TEESYS D,SQUARE D,Schneider Electric,,
6ES7214-1AG40-0XB0-34,SIMATIC S7-1200 CPU 1214C DC/DC/DC 14DI/10DQ/2AI,SIEMENS,Siemens AG,SIEMENS,Siemens Industry
XTCE018C10TD-34,CONTACTOR 18A 24VDC 1NO 3P FRAME C,EATON,Eaton Bussmann,CUTLER-HAMMER,Eaton
CP1-10G-10-34,PUSHBUTTON 22MM COMPACT GREEN FLUSH 1NO,ABB,ABB Installation,BALDOR,ABB Inc
14CE2-1-34,COMPACT ENCLOSED SWITCH ROLLER PLUNGER 1M,HONEYWELL,Honeywell Sensing,HONEYWELL,Honeywell International
PS1-E111-34,PNEUMATIC PRESSURE SWITCH 1-10 BAR DIN CONNECTOR,PARKER,Parker Hannifin,PARKER,Parker Hannifin
140G-G6C3-C50-35,MOLDED CASE CIR BRKR 50A 3P 480V,ALLEN BRADLEY,Allen-Bradley,ROCKWELL,Rockwell Automation
LADN22-35,AUXILIARY CONTACT BLOCK 2NO+2NC TEESYS,SQUARE D,Schneider Electric,SQUARED,Schneider Electric
3RV2011-1AA10-35,CIR BRKR SIZE S00 FOR MOTOR PROT 0.9-1.25A,SIEMENS,,SIEMENS,Siemens Industry
KTK-R-15-35,CLASS CC FAST ACTING FUSE 15A 600V,,Eaton Bussmann,,Eaton
ACS380-040S-02A6-4-35,MACHINERY DRIVE 1HP 480V 3PH IP20,ABB,ABB Installation,,
AML21BBA2AA-35,PUSHBUTTON PUSH-ON/PUSH-OFF SQUARE ILLUM,HONEYWELL,Honeywell Sensing,HONEYWELL,Honeywell International
MA33D-1/4-35,PRESSURE GAUGE 0-160 PSI 1/4 NPT BACK MOUNT,PARKER,Parker Hannifin,PARKER,Parker Hannifin
1756-L83E-36,CONTROLLOGIX 5580 CONTROLLER 10MB,ALLEN BRADLEY,Allen-Bradley,ROCKWELL,Rockwell Automation
TM221CE16R-36,MODICON M221 PLC 16 IO RELAY ETHERNET,SQUARE D,Schneider Electric,SQUARED,Schneider Electric
3SE5112-0CD02-36,LIMIT SWITCH METAL ENCLOSURE ROLLER PLUNGER,SIEMENS,Siemens AG,SIEMENS,Siemens Industry
DG1-34012FB-C21C-36,POWERXL DG1 VFD 7.5HP 480V IP21,EATON,Eaton Bussmann,CUTLER-HAMMER,Eaton
XT2N 125 EKIP LS/I IN=25A-36,TMAX XT2 CIR BRKR 25A 3P 600V,ABB,ABB Installation,BALDOR,ABB Inc
SZL-VL-S-J-36,MINIATURE LIMIT SWITCH CROSS ROLLER PLUNGER,HONEYWELL,,HONEYWELL,Honeywell International
06F22AC-36,PNEUMATIC FILTER 1/4 NPT 5 MICRON COMPACT,,Parker Hannifin,,Parker Hannifin
800T-A1A-37,PUSHBUTTON 30.5MM MOMENTARY BLACK FLUSH,ALLEN BRADLEY,Allen-Bradley,,
XB4BA21-37,PUSHBUTTON 22MM FLUSH BLACK SPRING RETURN,SQUARE D,Schneider Electric,SQUARED,Schneider Electric
6SL3210-1KE13-2UB2-37,SINAMICS G120C 1.5KW 400V 3AC PROFINET,SIEMENS,Siemens AG,SIEMENS,Siemens Industry
M22-D-G-37,PUSHBUTTON 22.5MM NON-ILLUM GREEN FLUSH,EATON,Eaton Bussmann,CUTLER-HAMMER,Eaton
TA25DU-11-37,THERMAL OVERLOAD RELAY 7.5-11A FOR AF09-AF38,ABB,ABB Installation,BALDOR,ABB Inc
MICRO SWITCH BZ-2RW82-A2-37,PREMIUM LARGE BASIC SWITCH SPDT 15A 125V,HONEYWELL,Honeywell Sensing,HONEYWELL,Honeywell International
DX1-411-BL49-37,ISO 5599-1 SIZE 1 VALVE 5/2 SINGLE SOLENOID 24VDC,PARKER,Parker Hannifin,PARKER,Parker Hannifin
193-EEB-38,ELECTRONIC OVERLOAD RELAY 1-5A,ALLEN BRADLEY,Allen-Bradley,ROCKWELL,Rockwell Automation
QO120-38,CIR BRKR 20A 1P 120V PLUG-IN 10KA,SQUARE D,,SQUARED,Schneider Electric
3RT2015-1BB41-38,POWER CONTACTOR 7A 24VDC 3P S00 SCREW,,Siemens AG,,Siemens Industry
LPJ-30SP-38,LOW-PEAK TIME DELAY FUSE 30A 600V DUAL ELEM,EATON,Eaton Bussmann,,
EM3558T-38,BALDOR RELIANCE MOTOR 3HP 1800RPM 3PH 56C TEFC,ABB,ABB Installation,BALDOR,ABB Inc
SS49E-38,LINEAR HALL EFFECT SENSOR 3-PIN RADIAL,HONEYWELL,Honeywell Sensing,HONEYWELL,Honeywell International
341N01-38,VALVE SOLENOID 2-WAY NC 1/4 NPT BRASS 120V,PARKER,Parker Hannifin,PARKER,Parker Hannifin
5069-IB16-39,COMPACT 5000 16PT 24VDC INPUT MODULE,ALLEN BRADLEY,Allen-Bradley,ROCKWELL,Rockwell Automation
ATV320U15N4B-39,ALTIVAR 320 VFD 2HP 480V 3PH COMPACT,SQUARE D,Schneider Electric,SQUARED,Schneider Electric
3VA5110-4EC31-0AA0-39,MOLDED CASE CIR BRKR 100A 3P 480V 25KA,SIEMENS,Siemens AG,SIEMENS,Siemens Industry
PSG240E24RM-39,POWER SUPPLY 24VDC 10A 240W DIN RAIL,EATON,Eaton Bussmann,CUTLER-HAMMER,Eaton
S203-C20-39,MINIATURE CIR BRKR 20A 3P 480Y/277V C CURVE,ABB,,BALDOR,ABB Inc
24PCEFA6G-39,PRESSURE SENSOR 0-0.5 PSI GAUGE PCB MOUNT,,Honeywell Sensing,,Honeywell International
06R213AC-39,PNEUMATIC REGULATOR 1/4 NPT 0-125 PSI,PARKER,Parker Hannifin,,
700-HA32A24-40,RELAY 24VAC 10A 2PDT OCTAL TUBE,ALLEN BRADLEY,Allen-Bradley,ROCKWELL,Rockwell Automation
RPM31BD-40,POWER RELAY 15A 3PDT 24VDC WITH LED,SQUARE D,Schneider Electric,SQUARED,Schneider Electric
3RU2116-1BB0-40,THERMAL OVERLOAD RELAY 1.4-2.0A SIZE S00,SIEMENS,Siemens AG,SIEMENS,Siemens Industry
E57-18LE12-A-40,PROX SENSOR INDUCTIVE M18 12MM NPN NO,EATON,Eaton Bussmann,CUTLER-HAMMER,Eaton
CP-E 24/2.5-40,POWER SUPPLY 24VDC 2.5A 100-240VAC IN,ABB,ABB Installation,BALDOR,ABB Inc
HIH-4000-001-40,HUMIDITY SENSOR ANALOG VOLTAGE OUTPUT,HONEYWELL,Honeywell Sensing,HONEYWELL,Honeywell International
F442-10-10-40,HYDRAULIC HOSE FITTING FEMALE JIC 5/8 TUBE,PARKER,Parker Hannifin,PARKER,Parker Hannifin
140U-J0D3-C40-41,CIR BRKR 40A 3P 600V MOLDED CASE,ALLEN BRADLEY,,ROCKWELL,Rockwell Automation
QO3100-41,CIR BRKR 100A 3P 240V PLUG-IN 10KA,,Schneider Electric,,Schneider Electric
3SU1000-0AB10-0AA0-41,PUSHBUTTON 22MM ROUND PLASTIC BLACK FLUSH,SIEMENS,Siemens AG,,
BAB3030H-41,CIR BRKR 30A 3P 240V BOLT-ON 10KA,EATON,Eaton Bussmann,CUTLER-HAMMER,Eaton
OT16F3-41,DISCONNECT SWITCH 3P 16A DOOR MOUNT,ABB,ABB Installation,BALDOR,ABB Inc
PX2AN1XX150PSAAX-41,HEAVY DUTY PRESSURE TRANSDUCER 150 PSI,HONEYWELL,Honeywell Sensing,HONEYWELL,Honeywell International
PL-4-2-41,PUSH-TO-CONNECT FITTING 1/4 TUBE X 1/8 NPT MALE,PARKER,Parker Hannifin,PARKER,Parker Hannifin
25B-D010N104-42,POWERFLEX 525 VFD 5HP 480VAC 3PH,ALLEN BRADLEY,Allen-Bradley,ROCKWELL,Rockwell Automation
PKF16M434-42,PRATIKE INDUSTRIAL PLUG 16A 3P+E 400V IP44,SQUARE D,Schneider Electric,SQUARED,Schneider Electric
6GK5005-0BA00-1AB2-42,SCALANCE X005 UNMANAGED IE SWITCH 5 RJ45,SIEMENS,Siemens AG,SIEMENS,Siemens Industry
FNQ-R-10-42,CLASS CC TIME DELAY FUSE 10A 600V,EATON,,CUTLER-HAMMER,Eaton
AF16-30-10-13-42,CONTACTOR 16A 100-250VAC/DC 3P 1NO,,ABB Installation,,ABB Inc
GLAC01A1B-42,GLOBAL LIMIT SWITCH 1NC/1NO SPDT SNAP ACTION,HONEYWELL,Honeywell Sensing,,
06L22AC-42,PNEUMATIC LUBRICATOR 1/4 NPT STANDARD MIST,PARKER,Parker Hannifin,PARKER,Parker Hannifin
42EF-D1MNAK-A2-43,PHOTOSENSOR RETRO 24VDC NPN/PNP 2M,ALLEN BRADLEY,Allen-Bradley,ROCKWELL,Rockwell Automation
XMLB010A2S12-43,PRESSURE SWITCH 10 BAR ADJUSTABLE SCALE,SQUARE D,Schneider Electric,SQUARED,Schneider Electric
6EP1333-2BA20-43,SITOP POWER SUPPLY 24VDC 5A 120/230VAC,SIEMENS,Siemens AG,SIEMENS,Siemens Industry
C25DNF340A-43,DEFINITE PURPOSE CONTACTOR 40A 3P 120VAC,EATON,Eaton Bussmann,CUTLER-HAMMER,Eaton
CR-M024DC4-43,PLUG-IN MINIATURE RELAY 4PDT 6A 24VDC,ABB,ABB Installation,BALDOR,ABB Inc
CSNE151-100-43,CLOSED LOOP CURRENT SENSOR 25A PCB MOUNT,HONEYWELL,Honeywell Sensing,HONEYWELL,Honeywell International
P2LBX512ESNDDB49-43,VALVE SOLENOID 24VDC 5/2 WAY 1/4 NPT,PARKER,,PARKER,Parker Hannifin
100-C09EJ01-44,CONTACTOR 9A 24VDC 1NC 3P IEC,,Allen-Bradley,,Rockwell Automation
LC1D25BD-44,CONTACTOR 25A 24VDC 3P TEESYS D,SQUARE D,Schneider Electric,,
6ES7214-1AG40-0XB0-44,SIMATIC S7-1200 CPU 1214C DC/DC/DC 14DI/10DQ/2AI,SIEMENS,Siemens AG,SIEMENS,Siemens Industry
XTCE018C10TD-44,CONTACTOR 18A 24VDC 1NO 3P FRAME C,EATON,Eaton Bussmann,CUTLER-HAMMER,Eaton
CP1-10G-10-44,PUSHBUTTON 22MM COMPACT GREEN FLUSH 1NO,ABB,ABB Installation,BALDOR,ABB Inc
14CE2-1-44,COMPACT ENCLOSED SWITCH ROLLER PLUNGER 1M,HONEYWELL,Honeywell Sensing,HONEYWELL,Honeywell International
PS1-E111-44,PNEUMATIC PRESSURE SWITCH 1-10 BAR DIN CONNECTOR,PARKER,Parker Hannifin,PARKER,Parker Hannifin
140G-G6C3-C50-45,MOLDED CASE CIR BRKR 50A 3P 480V,ALLEN BRADLEY,Allen-Bradley,ROCKWELL,Rockwell Automation
LADN22-45,AUXILIARY CONTACT BLOCK 2NO+2NC TEESYS,SQUARE D,Schneider Electric,SQUARED,Schneider Electric
3RV2011-1AA10-45,CIR BRKR SIZE S00 FOR MOTOR PROT 0.9-1.25A,SIEMENS,,SIEMENS,Siemens Industry
KTK-R-15-45,CLASS CC FAST ACTING FUSE 15A 600V,,Eaton Bussmann,,Eaton
ACS380-040S-02A6-4-45,MACHINERY DRIVE 1HP 480V 3PH IP20,ABB,ABB Installation,,
AML21BBA2AA-45,PUSHBUTTON PUSH-ON/PUSH-OFF SQUARE ILLUM,HONEYWELL,Honeywell Sensing,HONEYWELL,Honeywell International
MA33D-1/4-45,PRESSURE GAUGE 0-160 PSI 1/4 NPT BACK MOUNT,PARKER,Parker Hannifin,PARKER,Parker Hannifin
1756-L83E-46,CONTROLLOGIX 5580 CONTROLLER 10MB,ALLEN BRADLEY,Allen-Bradley,ROCKWELL,Rockwell Automation
TM221CE16R-46,MODICON M221 PLC 16 IO RELAY ETHERNET,SQUARE D,Schneider Electric,SQUARED,Schneider Electric
3SE5112-0CD02-46,LIMIT SWITCH METAL ENCLOSURE ROLLER PLUNGER,SIEMENS,Siemens AG,SIEMENS,Siemens Industry
DG1-34012FB-C21C-46,POWERXL DG1 VFD 7.5HP 480V IP21,EATON,Eaton Bussmann,CUTLER-HAMMER,Eaton
XT2N 125 EKIP LS/I IN=25A-46,TMAX XT2 CIR BRKR 25A 3P 600V,ABB,ABB Installation,BALDOR,ABB Inc
SZL-VL-S-J-46,MINIATURE LIMIT SWITCH CROSS ROLLER PLUNGER,HONEYWELL,,HONEYWELL,Honeywell International
06F22AC-46,PNEUMATIC FILTER 1/4 NPT 5 MICRON COMPACT,,Parker Hannifin,,Parker Hannifin
800T-A1A-47,PUSHBUTTON 30.5MM MOMENTARY BLACK FLUSH,ALLEN BRADLEY,Allen-Bradley,,
XB4BA21-47,PUSHBUTTON 22MM FLUSH BLACK SPRING RETURN,SQUARE D,Schneider Electric,SQUARED,Schneider Electric
6SL3210-1KE13-2UB2-47,SINAMICS G120C 1.5KW 400V 3AC PROFINET,SIEMENS,Siemens AG,SIEMENS,Siemens Industry
M22-D-G-47,PUSHBUTTON 22.5MM NON-ILLUM GREEN FLUSH,EATON,Eaton Bussmann,CUTLER-HAMMER,Eaton
TA25DU-11-47,THERMAL OVERLOAD RELAY 7.5-11A FOR AF09-AF38,ABB,ABB Installation,BALDOR,ABB Inc
MICRO SWITCH BZ-2RW82-A2-47,PREMIUM LARGE BASIC SWITCH SPDT 15A 125V,HONEYWELL,Honeywell Sensing,HONEYWELL,Honeywell International
DX1-411-BL49-47,ISO 5599-1 SIZE 1 VALVE 5/2 SINGLE SOLENOID 24VDC,PARKER,Parker Hannifin,PARKER,Parker Hannifin
193-EEB-48,ELECTRONIC OVERLOAD RELAY 1-5A,ALLEN BRADLEY,Allen-Bradley,ROCKWELL,Rockwell Automation
QO120-48,CIR BRKR 20A 1P 120V PLUG-IN 10KA,SQUARE D,,SQUARED,Schneider Electric
3RT2015-1BB41-48,POWER CONTACTOR 7A 24VDC 3P S00 SCREW,,Siemens AG,,Siemens Industry
LPJ-30SP-48,LOW-PEAK TIME DELAY FUSE 30A 600V DUAL ELEM,EATON,Eaton Bussmann,,
EM3558T-48,BALDOR RELIANCE MOTOR 3HP 1800RPM 3PH 56C TEFC,ABB,ABB Installation,BALDOR,ABB Inc
SS49E-48,LINEAR HALL EFFECT SENSOR 3-PIN RADIAL,HONEYWELL,Honeywell Sensing,HONEYWELL,Honeywell International
341N01-48,VALVE SOLENOID 2-WAY NC 1/4 NPT BRASS 120V,PARKER,Parker Hannifin,PARKER,Parker Hannifin
5069-IB16-49,COMPACT 5000 16PT 24VDC INPUT MODULE,ALLEN BRADLEY,Allen-Bradley,ROCKWELL,Rockwell Automation
ATV320U15N4B-49,ALTIVAR 320 VFD 2HP 480V 3PH COMPACT,SQUARE D,Schneider Electric,SQUARED,Schneider Electric
3VA5110-4EC31-0AA0-49,MOLDED CASE CIR BRKR 100A 3P 480V 25KA,SIEMENS,Siemens AG,SIEMENS,Siemens Industry
PSG240E24RM-49,POWER SUPPLY 24VDC 10A 240W DIN RAIL,EATON,Eaton Bussmann,CUTLER-HAMMER,Eaton
S203-C20-49,MINIATURE CIR BRKR 20A 3P 480Y/277V C CURVE,ABB,,BALDOR,ABB Inc
24PCEFA6G-49,PRESSURE SENSOR 0-0.5 PSI GAUGE PCB MOUNT,,Honeywell Sensing,,Honeywell International
06R213AC-49,PNEUMATIC REGULATOR 1/4 NPT 0-125 PSI,PARKER,Parker Hannifin,,
700-HA32A24-50,RELAY 24VAC 10A 2PDT OCTAL TUBE,ALLEN BRADLEY,Allen-Bradley,ROCKWELL,Rockwell Automation
RPM31BD-50,POWER RELAY 15A 3PDT 24VDC WITH LED,SQUARE D,Schneider Electric,SQUARED,Schneider Electric
3RU2116-1BB0-50,THERMAL OVERLOAD RELAY 1.4-2.0A SIZE S00,SIEMENS,Siemens AG,SIEMENS,Siemens Industry
E57-18LE12-A-50,PROX SENSOR INDUCTIVE M18 12MM NPN NO,EATON,Eaton Bussmann,CUTLER-HAMMER,Eaton
CP-E 24/2.5-50,POWER SUPPLY 24VDC 2.5A 100-240VAC IN,ABB,ABB Installation,BALDOR,ABB Inc
HIH-4000-001-50,HUMIDITY SENSOR ANALOG VOLTAGE OUTPUT,HONEYWELL,Honeywell Sensing,HONEYWELL,Honeywell International
F442-10-10-50,HYDRAULIC HOSE FITTING FEMALE JIC 5/8 TUBE,PARKER,Parker Hannifin,PARKER,Parker Hannifin
140U-J0D3-C40-51,CIR BRKR 40A 3P 600V MOLDED CASE,ALLEN BRADLEY,,ROCKWELL,Rockwell Automation
QO3100-51,CIR BRKR 100A 3P 240V PLUG-IN 10KA,,Schneider Electric,,Schneider Electric
3SU1000-0AB10-0AA0-51,PUSHBUTTON 22MM ROUND PLASTIC BLACK FLUSH,SIEMENS,Siemens AG,,
BAB3030H-51,CIR BRKR 30A 3P 240V BOLT-ON 10KA,EATON,Eaton Bussmann,CUTLER-HAMMER,Eaton
OT16F3-51,DISCONNECT SWITCH 3P 16A DOOR MOUNT,ABB,ABB Installation,BALDOR,ABB Inc
PX2AN1XX150PSAAX-51,HEAVY DUTY PRESSURE TRANSDUCER 150 PSI,HONEYWELL,Honeywell Sensing,HONEYWELL,Honeywell International
PL-4-2-51,PUSH-TO-CONNECT FITTING 1/4 TUBE X 1/8 NPT MALE,PARKER,Parker Hannifin,PARKER,Parker Hannifin
25B-D010N104-52,POWERFLEX 525 VFD 5HP 480VAC 3PH,ALLEN BRADLEY,Allen-Bradley,ROCKWELL,Rockwell Automation
PKF16M434-52,PRATIKE INDUSTRIAL PLUG 16A 3P+E 400V IP44,SQUARE D,Schneider Electric,SQUARED,Schneider Electric
6GK5005-0BA00-1AB2-52,SCALANCE X005 UNMANAGED IE SWITCH 5 RJ45,SIEMENS,Siemens AG,SIEMENS,Siemens Industry
FNQ-R-10-52,CLASS CC TIME DELAY FUSE 10A 600V,EATON,,CUTLER-HAMMER,Eaton
AF16-30-10-13-52,CONTACTOR 16A 100-250VAC/DC 3P 1NO,,ABB Installation,,ABB Inc
GLAC01A1B-52,GLOBAL LIMIT SWITCH 1NC/1NO SPDT SNAP ACTION,HONEYWELL,Honeywell Sensing,,
06L22AC-52,PNEUMATIC LUBRICATOR 1/4 NPT STANDARD MIST,PARKER,Parker Hannifin,PARKER,Parker Hannifin
42EF-D1MNAK-A2-53,PHOTOSENSOR RETRO 24VDC NPN/PNP 2M,ALLEN BRADLEY,Allen-Bradley,ROCKWELL,Rockwell Automation
XMLB010A2S12-53,PRESSURE SWITCH 10 BAR ADJUSTABLE SCALE,SQUARE D,Schneider Electric,SQUARED,Schneider Electric
6EP1333-2BA20-53,SITOP POWER SUPPLY 24VDC 5A 120/230VAC,SIEMENS,Siemens AG,SIEMENS,Siemens Industry
C25DNF340A-53,DEFINITE PURPOSE CONTACTOR 40A 3P 120VAC,EATON,Eaton Bussmann,CUTLER-HAMMER,Eaton
CR-M024DC4-53,PLUG-IN MINIATURE RELAY 4PDT 6A 24VDC,ABB,ABB Installation,BALDOR,ABB Inc
CSNE151-100-53,CLOSED LOOP CURRENT SENSOR 25A PCB MOUNT,HONEYWELL,Honeywell Sensing,HONEYWELL,Honeywell International
P2LBX512ESNDDB49-53,VALVE SOLENOID 24VDC 5/2 WAY 1/4 NPT,PARKER,,PARKER,Parker Hannifin
100-C09EJ01-54,CONTACTOR 9A 24VDC 1NC 3P IEC,,Allen-Bradley,,Rockwell Automation
LC1D25BD-54,CONTACTOR 25A 24VDC 3P TEESYS D,SQUARE D,Schneider Electric,,
6ES7214-1AG40-0XB0-54,SIMATIC S7-1200 CPU 1214C DC/DC/DC 14DI/10DQ/2AI,SIEMENS,Siemens AG,SIEMENS,Siemens Industry
XTCE018C10TD-54,CONTACTOR 18A 24VDC 1NO 3P FRAME C,EATON,Eaton Bussmann,CUTLER-HAMMER,Eaton
CP1-10G-10-54,PUSHBUTTON 22MM COMPACT GREEN FLUSH 1NO,ABB,ABB Installation,BALDOR,ABB Inc
14CE2-1-54,COMPACT ENCLOSED SWITCH ROLLER PLUNGER 1M,HONEYWELL,Honeywell Sensing,HONEYWELL,Honeywell International
PS1-E111-54,PNEUMATIC PRESSURE SWITCH 1-10 BAR DIN CONNECTOR,PARKER,Parker Hannifin,PARKER,Parker Hannifin
140G-G6C3-C50-55,MOLDED CASE CIR BRKR 50A 3P 480V,ALLEN BRADLEY,Allen-Bradley,ROCKWELL,Rockwell Automation
LADN22-55,AUXILIARY CONTACT BLOCK 2NO+2NC TEESYS,SQUARE D,Schneider Electric,SQUARED,Schneider Electric
3RV2011-1AA10-55,CIR BRKR SIZE S00 FOR MOTOR PROT 0.9-1.25A,SIEMENS,,SIEMENS,Siemens Industry
KTK-R-15-55,CLASS CC FAST ACTING FUSE 15A 600V,,Eaton Bussmann,,Eaton
ACS380-040S-02A6-4-55,MACHINERY DRIVE 1HP 480V 3PH IP20,ABB,ABB Installation,,
AML21BBA2AA-55,PUSHBUTTON PUSH-ON/PUSH-OFF SQUARE ILLUM,HONEYWELL,Honeywell Sensing,HONEYWELL,Honeywell International
MA33D-1/4-55,PRESSURE GAUGE 0-160 PSI 1/4 NPT BACK MOUNT,PARKER,Parker Hannifin,PARKER,Parker Hannifin
1756-L83E-56,CONTROLLOGIX 5580 CONTROLLER 10MB,ALLEN BRADLEY,Allen-Bradley,ROCKWELL,Rockwell Automation
TM221CE16R-56,MODICON M221 PLC 16 IO RELAY ETHERNET,SQUARE D,Schneider Electric,SQUARED,Schneider Electric
3SE5112-0CD02-56,LIMIT SWITCH METAL ENCLOSURE ROLLER PLUNGER,SIEMENS,Siemens AG,SIEMENS,Siemens Industry
DG1-34012FB-C21C-56,POWERXL DG1 VFD 7.5HP 480V IP21,EATON,Eaton Bussmann,CUTLER-HAMMER,Eaton
XT2N 125 EKIP LS/I IN=25A-56,TMAX XT2 CIR BRKR 25A 3P 600V,ABB,ABB Installation,BALDOR,ABB Inc
SZL-VL-S-J-56,MINIATURE LIMIT SWITCH CROSS ROLLER PLUNGER,HONEYWELL,,HONEYWELL,Honeywell International
06F22AC-56,PNEUMATIC FILTER 1/4 NPT 5 MICRON COMPACT,,Parker Hannifin,,Parker Hannifin
800T-A1A-57,PUSHBUTTON 30.5MM MOMENTARY BLACK FLUSH,ALLEN BRADLEY,Allen-Bradley,,
XB4BA21-57,PUSHBUTTON 22MM FLUSH BLACK SPRING RETURN,SQUARE D,Schneider Electric,SQUARED,Schneider Electric
6SL3210-1KE13-2UB2-57,SINAMICS G120C 1.5KW 400V 3AC PROFINET,SIEMENS,Siemens AG,SIEMENS,Siemens Industry
M22-D-G-57,PUSHBUTTON 22.5MM NON-ILLUM GREEN FLUSH,EATON,Eaton Bussmann,CUTLER-HAMMER,Eaton
TA25DU-11-57,THERMAL OVERLOAD RELAY 7.5-11A FOR AF09-AF38,ABB,ABB Installation,BALDOR,ABB Inc
MICRO SWITCH BZ-2RW82-A2-57,PREMIUM LARGE BASIC SWITCH SPDT 15A 125V,HONEYWELL,Honeywell Sensing,HONEYWELL,Honeywell International
DX1-411-BL49-57,ISO 5599-1 SIZE 1 VALVE 5/2 SINGLE SOLENOID 24VDC,PARKER,Parker Hannifin,PARKER,Parker Hannifin
193-EEB-58,ELECTRONIC OVERLOAD RELAY 1-5A,ALLEN BRADLEY,Allen-Bradley,ROCKWELL,Rockwell Automation
QO120-58,CIR BRKR 20A 1P 120V PLUG-IN 10KA,SQUARE D,,SQUARED,Schneider Electric
3RT2015-1BB41-58,POWER CONTACTOR 7A 24VDC 3P S00 SCREW,,Siemens AG,,Siemens Industry
LPJ-30SP-58,LOW-PEAK TIME DELAY FUSE 30A 600V DUAL ELEM,EATON,Eaton Bussmann,,
EM3558T-58,BALDOR RELIANCE MOTOR 3HP 1800RPM 3PH 56C TEFC,ABB,ABB Installation,BALDOR,ABB Inc
SS49E-58,LINEAR HALL EFFECT SENSOR 3-PIN RADIAL,HONEYWELL,Honeywell Sensing,HONEYWELL,Honeywell International
341N01-58,VALVE SOLENOID 2-WAY NC 1/4 NPT BRASS 120V,PARKER,Parker Hannifin,PARKER,Parker Hannifin
5069-IB16-59,COMPACT 5000 16PT 24VDC INPUT MODULE,ALLEN BRADLEY,Allen-Bradley,ROCKWELL,Rockwell Automation
ATV320U15N4B-59,ALTIVAR 320 VFD 2HP 480V 3PH COMPACT,SQUARE D,Schneider Electric,SQUARED,Schneider Electric
3VA5110-4EC31-0AA0-59,MOLDED CASE CIR BRKR 100A 3P 480V 25KA,SIEMENS,Siemens AG,SIEMENS,Siemens Industry
PSG240E24RM-59,POWER SUPPLY 24VDC 10A 240W DIN RAIL,EATON,Eaton Bussmann,CUTLER-HAMMER,Eaton
S203-C20-59,MINIATURE CIR BRKR 20A 3P 480Y/277V C CURVE,ABB,,BALDOR,ABB Inc
24PCEFA6G-59,PRESSURE SENSOR 0-0.5 PSI GAUGE PCB MOUNT,,Honeywell Sensing,,Honeywell International
06R213AC-59,PNEUMATIC REGULATOR 1/4 NPT 0-125 PSI,PARKER,Parker Hannifin,,
700-HA32A24-60,RELAY 24VAC 10A 2PDT OCTAL TUBE,ALLEN BRADLEY,Allen-Bradley,ROCKWELL,Rockwell Automation
RPM31BD-60,POWER RELAY 15A 3PDT 24VDC WITH LED,SQUARE D,Schneider Electric,SQUARED,Schneider Electric
3RU2116-1BB0-60,THERMAL OVERLOAD RELAY 1.4-2.0A SIZE S00,SIEMENS,Siemens AG,SIEMENS,Siemens Industry
E57-18LE12-A-60,PROX SENSOR INDUCTIVE M18 12MM NPN NO,EATON,Eaton Bussmann,CUTLER-HAMMER,Eaton
CP-E 24/2.5-60,POWER SUPPLY 24VDC 2.5A 100-240VAC IN,ABB,ABB Installation,BALDOR,ABB Inc
HIH-4000-001-60,HUMIDITY SENSOR ANALOG VOLTAGE OUTPUT,HONEYWELL,Honeywell Sensing,HONEYWELL,Honeywell International
F442-10-10-60,HYDRAULIC HOSE FITTING FEMALE JIC 5/8 TUBE,PARKER,Parker Hannifin,PARKER,Parker Hannifin
140U-J0D3-C40-61,CIR BRKR 40A 3P 600V MOLDED CASE,ALLEN BRADLEY,,ROCKWELL,Rockwell Automation
QO3100-61,CIR BRKR 100A 3P 240V PLUG-IN 10KA,,Schneider Electric,,Schneider Electric
3SU1000-0AB10-0AA0-61,PUSHBUTTON 22MM ROUND PLASTIC BLACK FLUSH,SIEMENS,Siemens AG,,
BAB3030H-61,CIR BRKR 30A 3P 240V BOLT-ON 10KA,EATON,Eaton Bussmann,CUTLER-HAMMER,Eaton
OT16F3-61,DISCONNECT SWITCH 3P 16A DOOR MOUNT,ABB,ABB Installation,BALDOR,ABB Inc
PX2AN1XX150PSAAX-61,HEAVY DUTY PRESSURE TRANSDUCER 150 PSI,HONEYWELL,Honeywell Sensing,HONEYWELL,Honeywell International
PL-4-2-61,PUSH-TO-CONNECT FITTING 1/4 TUBE X 1/8 NPT MALE,PARKER,Parker Hannifin,PARKER,Parker Hannifin
25B-D010N104-62,POWERFLEX 525 VFD 5HP 480VAC 3PH,ALLEN BRADLEY,Allen-Bradley,ROCKWELL,Rockwell Automation
PKF16M434-62,PRATIKE INDUSTRIAL PLUG 16A 3P+E 400V IP44,SQUARE D,Schneider Electric,SQUARED,Schneider Electric
6GK5005-0BA00-1AB2-62,SCALANCE X005 UNMANAGED IE SWITCH 5 RJ45,SIEMENS,Siemens AG,SIEMENS,Siemens Industry
FNQ-R-10-62,CLASS CC TIME DELAY FUSE 10A 600V,EATON,,CUTLER-HAMMER,Eaton
AF16-30-10-13-62,CONTACTOR 16A 100-250VAC/DC 3P 1NO,,ABB Installation,,ABB Inc
GLAC01A1B-62,GLOBAL LIMIT SWITCH 1NC/1NO SPDT SNAP ACTION,HONEYWELL,Honeywell Sensing,,
06L22AC-62,PNEUMATIC LUBRICATOR 1/4 NPT STANDARD MIST,PARKER,Parker Hannifin,PARKER,Parker Hannifin
42EF-D1MNAK-A2-63,PHOTOSENSOR RETRO 24VDC NPN/PNP 2M,ALLEN BRADLEY,Allen-Bradley,ROCKWELL,Rockwell Automation
XMLB010A2S12-63,PRESSURE SWITCH 10 BAR ADJUSTABLE SCALE,SQUARE D,Schneider Electric,SQUARED,Schneider Electric
6EP1333-2BA20-63,SITOP POWER SUPPLY 24VDC 5A 120/230VAC,SIEMENS,Siemens AG,SIEMENS,Siemens Industry
C25DNF340A-63,DEFINITE PURPOSE CONTACTOR 40A 3P 120VAC,EATON,Eaton Bussmann,CUTLER-HAMMER,Eaton
CR-M024DC4-63,PLUG-IN MINIATURE RELAY 4PDT 6A 24VDC,ABB,ABB Installation,BALDOR,ABB Inc
CSNE151-100-63,CLOSED LOOP CURRENT SENSOR 25A PCB MOUNT,HONEYWELL,Honeywell Sensing,HONEYWELL,Honeywell International
P2LBX512ESNDDB49-63,VALVE SOLENOID 24VDC 5/2 WAY 1/4 NPT,PARKER,,PARKER,Parker Hannifin
100-C09EJ01-64,CONTACTOR 9A 24VDC 1NC 3P IEC,,Allen-Bradley,,Rockwell Automation
LC1D25BD-64,CONTACTOR 25A 24VDC 3P TEESYS D,SQUARE D,Schneider Electric,,
6ES7214-1AG40-0XB0-64,SIMATIC S7-1200 CPU 1214C DC/DC/DC 14DI/10DQ/2AI,SIEMENS,Siemens AG,SIEMENS,Siemens Industry
XTCE018C10TD-64,CONTACTOR 18A 24VDC 1NO 3P FRAME C,EATON,Eaton Bussmann,CUTLER-HAMMER,Eaton
CP1-10G-10-64,PUSHBUTTON 22MM COMPACT GREEN FLUSH 1NO,ABB,ABB Installation,BALDOR,ABB Inc
14CE2-1-64,COMPACT ENCLOSED SWITCH ROLLER PLUNGER 1M,HONEYWELL,Honeywell Sensing,HONEYWELL,Honeywell International
PS1-E111-64,PNEUMATIC PRESSURE SWITCH 1-10 BAR DIN CONNECTOR,PARKER,Parker Hannifin,PARKER,Parker Hannifin
140G-G6C3-C50-65,MOLDED CASE CIR BRKR 50A 3P 480V,ALLEN BRADLEY,Allen-Bradley,ROCKWELL,Rockwell Automation
LADN22-65,AUXILIARY CONTACT BLOCK 2NO+2NC TEESYS,SQUARE D,Schneider Electric,SQUARED,Schneider Electric
3RV2011-1AA10-65,CIR BRKR SIZE S00 FOR MOTOR PROT 0.9-1.25A,SIEMENS,,SIEMENS,Siemens Industry
KTK-R-15-65,CLASS CC FAST ACTING FUSE 15A 600V,,Eaton Bussmann,,Eaton
ACS380-040S-02A6-4-65,MACHINERY DRIVE 1HP 480V 3PH IP20,ABB,ABB Installation,,
AML21BBA2AA-65,PUSHBUTTON PUSH-ON/PUSH-OFF SQUARE ILLUM,HONEYWELL,Honeywell Sensing,HONEYWELL,Honeywell International
MA33D-1/4-65,PRESSURE GAUGE 0-160 PSI 1/4 NPT BACK MOUNT,PARKER,Parker Hannifin,PARKER,Parker Hannifin
1756-L83E-66,CONTROLLOGIX 5580 CONTROLLER 10MB,ALLEN BRADLEY,Allen-Bradley,ROCKWELL,Rockwell Automation
TM221CE16R-66,MODICON M221 PLC 16 IO RELAY ETHERNET,SQUARE D,Schneider Electric,SQUARED,Schneider Electric
3SE5112-0CD02-66,LIMIT SWITCH METAL ENCLOSURE ROLLER PLUNGER,SIEMENS,Siemens AG,SIEMENS,Siemens Industry
DG1-34012FB-C21C-66,POWERXL DG1 VFD 7.5HP 480V IP21,EATON,Eaton Bussmann,CUTLER-HAMMER,Eaton
XT2N 125 EKIP LS/I IN=25A-66,TMAX XT2 CIR BRKR 25A 3P 600V,ABB,ABB Installation,BALDOR,ABB Inc
SZL-VL-S-J-66,MINIATURE LIMIT SWITCH CROSS ROLLER PLUNGER,HONEYWELL,,HONEYWELL,Honeywell International
06F22AC-66,PNEUMATIC FILTER 1/4 NPT 5 MICRON COMPACT,,Parker Hannifin,,Parker Hannifin
800T-A1A-67,PUSHBUTTON 30.5MM MOMENTARY BLACK FLUSH,ALLEN BRADLEY,Allen-Bradley,,
XB4BA21-67,PUSHBUTTON 22MM FLUSH BLACK SPRING RETURN,SQUARE D,Schneider Electric,SQUARED,Schneider Electric
6SL3210-1KE13-2UB2-67,SINAMICS G120C 1.5KW 400V 3AC PROFINET,SIEMENS,Siemens AG,SIEMENS,Siemens Industry
M22-D-G-67,PUSHBUTTON 22.5MM NON-ILLUM GREEN FLUSH,EATON,Eaton Bussmann,CUTLER-HAMMER,Eaton
TA25DU-11-67,THERMAL OVERLOAD RELAY 7.5-11A FOR AF09-AF38,ABB,ABB Installation,BALDOR,ABB Inc
MICRO SWITCH BZ-2RW82-A2-67,PREMIUM LARGE BASIC SWITCH SPDT 15A 125V,HONEYWELL,Honeywell Sensing,HONEYWELL,Honeywell International
DX1-411-BL49-67,ISO 5599-1 SIZE 1 VALVE 5/2 SINGLE SOLENOID 24VDC,PARKER,Parker Hannifin,PARKER,Parker Hannifin
193-EEB-68,ELECTRONIC OVERLOAD RELAY 1-5A,ALLEN BRADLEY,Allen-Bradley,ROCKWELL,Rockwell Automation
QO120-68,CIR BRKR 20A 1P 120V PLUG-IN 10KA,SQUARE D,,SQUARED,Schneider Electric
3RT2015-1BB41-68,POWER CONTACTOR 7A 24VDC 3P S00 SCREW,,Siemens AG,,Siemens Industry
LPJ-30SP-68,LOW-PEAK TIME DELAY FUSE 30A 600V DUAL ELEM,EATON,Eaton Bussmann,,
EM3558T-68,BALDOR RELIANCE MOTOR 3HP 1800RPM 3PH 56C TEFC,ABB,ABB Installation,BALDOR,ABB Inc
SS49E-68,LINEAR HALL EFFECT SENSOR 3-PIN RADIAL,HONEYWELL,Honeywell Sensing,HONEYWELL,Honeywell International
341N01-68,VALVE SOLENOID 2-WAY NC 1/4 NPT BRASS 120V,PARKER,Parker Hannifin,PARKER,Parker Hannifin
5069-IB16-69,COMPACT 5000 16PT 24VDC INPUT MODULE,ALLEN BRADLEY,Allen-Bradley,ROCKWELL,Rockwell Automation
ATV320U15N4B-69,ALTIVAR 320 VFD 2HP 480V 3PH COMPACT,SQUARE D,Schneider Electric,SQUARED,Schneider Electric
3VA5110-4EC31-0AA0-69,MOLDED CASE CIR BRKR 100A 3P 480V 25KA,SIEMENS,Siemens AG,SIEMENS,Siemens Industry
PSG240E24RM-69,POWER SUPPLY 24VDC 10A 240W DIN RAIL,EATON,Eaton Bussmann,CUTLER-HAMMER,Eaton
S203-C20-69,MINIATURE CIR BRKR 20A 3P 480Y/277V C CURVE,ABB,,BALDOR,ABB Inc
24PCEFA6G-69,PRESSURE SENSOR 0-0.5 PSI GAUGE PCB MOUNT,,Honeywell Sensing,,Honeywell International
06R213AC-69,PNEUMATIC REGULATOR 1/4 NPT 0-125 PSI,PARKER,Parker Hannifin,,
700-HA32A24-70,RELAY 24VAC 10A 2PDT OCTAL TUBE,ALLEN BRADLEY,Allen-Bradley,ROCKWELL,Rockwell Automation
RPM31BD-70,POWER RELAY 15A 3PDT 24VDC WITH LED,SQUARE D,Schneider Electric,SQUARED,Schneider Electric
3RU2116-1BB0-70,THERMAL OVERLOAD RELAY 1.4-2.0A SIZE S00,SIEMENS,Siemens AG,SIEMENS,Siemens Industry
E57-18LE12-A-70,PROX SENSOR INDUCTIVE M18 12MM NPN NO,EATON,Eaton Bussmann,CUTLER-HAMMER,Eaton
CP-E 24/2.5-70,POWER SUPPLY 24VDC 2.5A 100-240VAC IN,ABB,ABB Installation,BALDOR,ABB Inc
HIH-4000-001-70,HUMIDITY SENSOR ANALOG VOLTAGE OUTPUT,HONEYWELL,Honeywell Sensing,HONEYWELL,Honeywell International
F442-10-10-70,HYDRAULIC HOSE FITTING FEMALE JIC 5/8 TUBE,PARKER,Parker Hannifin,PARKER,Parker Hannifin
140U-J0D3-C40-71,CIR BRKR 40A 3P 600V MOLDED CASE,ALLEN BRADLEY,,ROCKWELL,Rockwell Automation
QO3100-71,CIR BRKR 100A 3P 240V PLUG-IN 10KA,,Schneider Electric,,Schneider Electric
3SU1000-0AB10-0AA0-71,PUSHBUTTON 22MM ROUND PLASTIC BLACK FLUSH,SIEMENS,Siemens AG,,
BAB3030H-71,CIR BRKR 30A 3P 240V BOLT-ON 10KA,EATON,Eaton Bussmann,CUTLER-HAMMER,Eaton
OT16F3-71,DISCONNECT SWITCH 3P 16A DOOR MOUNT,ABB,ABB Installation,BALDOR,ABB Inc
PX2AN1XX150PSAAX-71,HEAVY DUTY PRESSURE TRANSDUCER 150 PSI,HONEYWELL,Honeywell Sensing,HONEYWELL,Honeywell International
PL-4-2-71,PUSH-TO-CONNECT FITTING 1/4 TUBE X 1/8 NPT MALE,PARKER,Parker Hannifin,PARKER,Parker Hannifin
25B-D010N104-72,POWERFLEX 525 VFD 5HP 480VAC 3PH,ALLEN BRADLEY,Allen-Bradley,ROCKWELL,Rockwell Automation
PKF16M434-72,PRATIKE INDUSTRIAL PLUG 16A 3P+E 400V IP44,SQUARE D,Schneider Electric,SQUARED,Schneider Electric
6GK5005-0BA00-1AB2-72,SCALANCE X005 UNMANAGED IE SWITCH 5 RJ45,SIEMENS,Siemens AG,SIEMENS,Siemens Industry
FNQ-R-10-72,CLASS CC TIME DELAY FUSE 10A 600V,EATON,,CUTLER-HAMMER,Eaton
AF16-30-10-13-72,CONTACTOR 16A 100-250VAC/DC 3P 1NO,,ABB Installation,,ABB Inc
GLAC01A1B-72,GLOBAL LIMIT SWITCH 1NC/1NO SPDT SNAP ACTION,HONEYWELL,Honeywell Sensing,,
06L22AC-72,PNEUMATIC LUBRICATOR 1/4 NPT STANDARD MIST,PARKER,Parker Hannifin,PARKER,Parker Hannifin
42EF-D1MNAK-A2-73,PHOTOSENSOR RETRO 24VDC NPN/PNP 2M,ALLEN BRADLEY,Allen-Bradley,ROCKWELL,Rockwell Automation
XMLB010A2S12-73,PRESSURE SWITCH 10 BAR ADJUSTABLE SCALE,SQUARE D,Schneider Electric,SQUARED,Schneider Electric
6EP1333-2BA20-73,SITOP POWER SUPPLY 24VDC 5A 120/230VAC,SIEMENS,Siemens AG,SIEMENS,Siemens Industry
C25DNF340A-73,DEFINITE PURPOSE CONTACTOR 40A 3P 120VAC,EATON,Eaton Bussmann,CUTLER-HAMMER,Eaton
CR-M024DC4-73,PLUG-IN MINIATURE RELAY 4PDT 6A 24VDC,ABB,ABB Installation,BALDOR,ABB Inc
CSNE151-100-73,CLOSED LOOP CURRENT SENSOR 25A PCB MOUNT,HONEYWELL,Honeywell Sensing,HONEYWELL,Honeywell International
P2LBX512ESNDDB49-73,VALVE SOLENOID 24VDC 5/2 WAY 1/4 NPT,PARKER,,PARKER,Parker Hannifin
100-C09EJ01-74,CONTACTOR 9A 24VDC 1NC 3P IEC,,Allen-Bradley,,Rockwell Automation
LC1D25BD-74,CONTACTOR 25A 24VDC 3P TEESYS D,SQUARE D,Schneider Electric,,
6ES7214-1AG40-0XB0-74,SIMATIC S7-1200 CPU 1214C DC/DC/DC 14DI/10DQ/2AI,SIEMENS,Siemens AG,SIEMENS,Siemens Industry
XTCE018C10TD-74,CONTACTOR 18A 24VDC 1NO 3P FRAME C,EATON,Eaton Bussmann,CUTLER-HAMMER,Eaton
CP1-10G-10-74,PUSHBUTTON 22MM COMPACT GREEN FLUSH 1NO,ABB,ABB Installation,BALDOR,ABB Inc
14CE2-1-74,COMPACT ENCLOSED SWITCH ROLLER PLUNGER 1M,HONEYWELL,Honeywell Sensing,HONEYWELL,Honeywell International
PS1-E111-74,PNEUMATIC PRESSURE SWITCH 1-10 BAR DIN CONNECTOR,PARKER,Parker Hannifin,PARKER,Parker Hannifin
140G-G6C3-C50-75,MOLDED CASE CIR BRKR 50A 3P 480V,ALLEN BRADLEY,Allen-Bradley,ROCKWELL,Rockwell Automation
LADN22-75,AUXILIARY CONTACT BLOCK 2NO+2NC TEESYS,SQUARE D,Schneider Electric,SQUARED,Schneider Electric
3RV2011-1AA10-75,CIR BRKR SIZE S00 FOR MOTOR PROT 0.9-1.25A,SIEMENS,,SIEMENS,Siemens Industry
KTK-R-15-75,CLASS CC FAST ACTING FUSE 15A 600V,,Eaton Bussmann,,Eaton
ACS380-040S-02A6-4-75,MACHINERY DRIVE 1HP 480V 3PH IP20,ABB,ABB Installation,,
AML21BBA2AA-75,PUSHBUTTON PUSH-ON/PUSH-OFF SQUARE ILLUM,HONEYWELL,Honeywell Sensing,HONEYWELL,Honeywell International
MA33D-1/4-75,PRESSURE GAUGE 0-160 PSI 1/4 NPT BACK MOUNT,PARKER,Parker Hannifin,PARKER,Parker Hannifin
1756-L83E-76,CONTROLLOGIX 5580 CONTROLLER 10MB,ALLEN BRADLEY,Allen-Bradley,ROCKWELL,Rockwell Automation
TM221CE16R-76,MODICON M221 PLC 16 IO RELAY ETHERNET,SQUARE D,Schneider Electric,SQUARED,Schneider Electric
3SE5112-0CD02-76,LIMIT SWITCH METAL ENCLOSURE ROLLER PLUNGER,SIEMENS,Siemens AG,SIEMENS,Siemens Industry
DG1-34012FB-C21C-76,POWERXL DG1 VFD 7.5HP 480V IP21,EATON,Eaton Bussmann,CUTLER-HAMMER,Eaton
XT2N 125 EKIP LS/I IN=25A-76,TMAX XT2 CIR BRKR 25A 3P 600V,ABB,ABB Installation,BALDOR,ABB Inc
SZL-VL-S-J-76,MINIATURE LIMIT SWITCH CROSS ROLLER PLUNGER,HONEYWELL,,HONEYWELL,Honeywell International
06F22AC-76,PNEUMATIC FILTER 1/4 NPT 5 MICRON COMPACT,,Parker Hannifin,,Parker Hannifin
800T-A1A-77,PUSHBUTTON 30.5MM MOMENTARY BLACK FLUSH,ALLEN BRADLEY,Allen-Bradley,,
XB4BA21-77,PUSHBUTTON 22MM FLUSH BLACK SPRING RETURN,SQUARE D,Schneider Electric,SQUARED,Schneider Electric
6SL3210-1KE13-2UB2-77,SINAMICS G120C 1.5KW 400V 3AC PROFINET,SIEMENS,Siemens AG,SIEMENS,Siemens Industry
M22-D-G-77,PUSHBUTTON 22.5MM NON-ILLUM GREEN FLUSH,EATON,Eaton Bussmann,CUTLER-HAMMER,Eaton
TA25DU-11-77,THERMAL OVERLOAD RELAY 7.5-11A FOR AF09-AF38,ABB,ABB Installation,BALDOR,ABB Inc
MICRO SWITCH BZ-2RW82-A2-77,PREMIUM LARGE BASIC SWITCH SPDT 15A 125V,HONEYWELL,Honeywell Sensing,HONEYWELL,Honeywell International
DX1-411-BL49-77,ISO 5599-1 SIZE 1 VALVE 5/2 SINGLE SOLENOID 24VDC,PARKER,Parker Hannifin,PARKER,Parker Hannifin
193-EEB-78,ELECTRONIC OVERLOAD RELAY 1-5A,ALLEN BRADLEY,Allen-Bradley,ROCKWELL,Rockwell Automation
QO120-78,CIR BRKR 20A 1P 120V PLUG-IN 10KA,SQUARE D,,SQUARED,Schneider Electric
3RT2015-1BB41-78,POWER CONTACTOR 7A 24VDC 3P S00 SCREW,,Siemens AG,,Siemens Industry
LPJ-30SP-78,LOW-PEAK TIME DELAY FUSE 30A 600V DUAL ELEM,EATON,Eaton Bussmann,,
EM3558T-78,BALDOR RELIANCE MOTOR 3HP 1800RPM 3PH 56C TEFC,ABB,ABB Installation,BALDOR,ABB Inc
SS49E-78,LINEAR HALL EFFECT SENSOR 3-PIN RADIAL,HONEYWELL,Honeywell Sensing,HONEYWELL,Honeywell International
341N01-78,VALVE SOLENOID 2-WAY NC 1/4 NPT BRASS 120V,PARKER,Parker Hannifin,PARKER,Parker Hannifin
5069-IB16-79,COMPACT 5000 16PT 24VDC INPUT MODULE,ALLEN BRADLEY,Allen-Bradley,ROCKWELL,Rockwell Automation
ATV320U15N4B-79,ALTIVAR 320 VFD 2HP 480V 3PH COMPACT,SQUARE D,Schneider Electric,SQUARED,Schneider Electric
3VA5110-4EC31-0AA0-79,MOLDED CASE CIR BRKR 100A 3P 480V 25KA,SIEMENS,Siemens AG,SIEMENS,Siemens Industry
PSG240E24RM-79,POWER SUPPLY 24VDC 10A 240W DIN RAIL,EATON,Eaton Bussmann,CUTLER-HAMMER,Eaton
S203-C20-79,MINIATURE CIR BRKR 20A 3P 480Y/277V C CURVE,ABB,,BALDOR,ABB Inc
24PCEFA6G-79,PRESSURE SENSOR 0-0.5 PSI GAUGE PCB MOUNT,,Honeywell Sensing,,Honeywell International
06R213AC-79,PNEUMATIC REGULATOR 1/4 NPT 0-125 PSI,PARKER,Parker Hannifin,,
700-HA32A24-80,RELAY 24VAC 10A 2PDT OCTAL TUBE,ALLEN BRADLEY,Allen-Bradley,ROCKWELL,Rockwell Automation
RPM31BD-80,POWER RELAY 15A 3PDT 24VDC WITH LED,SQUARE D,Schneider Electric,SQUARED,Schneider Electric
3RU2116-1BB0-80,THERMAL OVERLOAD RELAY 1.4-2.0A SIZE S00,SIEMENS,Siemens AG,SIEMENS,Siemens Industry
E57-18LE12-A-80,PROX SENSOR INDUCTIVE M18 12MM NPN NO,EATON,Eaton Bussmann,CUTLER-HAMMER,Eaton
CP-E 24/2.5-80,POWER SUPPLY 24VDC 2.5A 100-240VAC IN,ABB,ABB Installation,BALDOR,ABB Inc
HIH-4000-001-80,HUMIDITY SENSOR ANALOG VOLTAGE OUTPUT,HONEYWELL,Honeywell Sensing,HONEYWELL,Honeywell International
F442-10-10-80,HYDRAULIC HOSE FITTING FEMALE JIC 5/8 TUBE,PARKER,Parker Hannifin,PARKER,Parker Hannifin
140U-J0D3-C40-81,CIR BRKR 40A 3P 600V MOLDED CASE,ALLEN BRADLEY,,ROCKWELL,Rockwell Automation
QO3100-81,CIR BRKR 100A 3P 240V PLUG-IN 10KA,,Schneider Electric,,Schneider Electric
3SU1000-0AB10-0AA0-81,PUSHBUTTON 22MM ROUND PLASTIC BLACK FLUSH,SIEMENS,Siemens AG,,
BAB3030H-81,CIR BRKR 30A 3P 240V BOLT-ON 10KA,EATON,Eaton Bussmann,CUTLER-HAMMER,Eaton
OT16F3-81,DISCONNECT SWITCH 3P 16A DOOR MOUNT,ABB,ABB Installation,BALDOR,ABB Inc
PX2AN1XX150PSAAX-81,HEAVY DUTY PRESSURE TRANSDUCER 150 PSI,HONEYWELL,Honeywell Sensing,HONEYWELL,Honeywell International
PL-4-2-81,PUSH-TO-CONNECT FITTING 1/4 TUBE X 1/8 NPT MALE,PARKER,Parker Hannifin,PARKER,Parker Hannifin
25B-D010N104-82,POWERFLEX 525 VFD 5HP 480VAC 3PH,ALLEN BRADLEY,Allen-Bradley,ROCKWELL,Rockwell Automation
PKF16M434-82,PRATIKE INDUSTRIAL PLUG 16A 3P+E 400V IP44,SQUARE D,Schneider Electric,SQUARED,Schneider Electric
6GK5005-0BA00-1AB2-82,SCALANCE X005 UNMANAGED IE SWITCH 5 RJ45,SIEMENS,Siemens AG,SIEMENS,Siemens Industry
FNQ-R-10-82,CLASS CC TIME DELAY FUSE 10A 600V,EATON,,CUTLER-HAMMER,Eaton
AF16-30-10-13-82,CONTACTOR 16A 100-250VAC/DC 3P 1NO,,ABB Installation,,ABB Inc
GLAC01A1B-82,GLOBAL LIMIT SWITCH 1NC/1NO SPDT SNAP ACTION,HONEYWELL,Honeywell Sensing,,
06L22AC-82,PNEUMATIC LUBRICATOR 1/4 NPT STANDARD MIST,PARKER,Parker Hannifin,PARKER,Parker Hannifin
42EF-D1MNAK-A2-83,PHOTOSENSOR RETRO 24VDC NPN/PNP 2M,ALLEN BRADLEY,Allen-Bradley,ROCKWELL,Rockwell Automation
XMLB010A2S12-83,PRESSURE SWITCH 10 BAR ADJUSTABLE SCALE,SQUARE D,Schneider Electric,SQUARED,Schneider Electric
6EP1333-2BA20-83,SITOP POWER SUPPLY 24VDC 5A 120/230VAC,SIEMENS,Siemens AG,SIEMENS,Siemens Industry
C25DNF340A-83,DEFINITE PURPOSE CONTACTOR 40A 3P 120VAC,EATON,Eaton Bussmann,CUTLER-HAMMER,Eaton
CR-M024DC4-83,PLUG-IN MINIATURE RELAY 4PDT 6A 24VDC,ABB,ABB Installation,BALDOR,ABB Inc
CSNE151-100-83,CLOSED LOOP CURRENT SENSOR 25A PCB MOUNT,HONEYWELL,Honeywell Sensing,HONEYWELL,Honeywell International
P2LBX512ESNDDB49-83,VALVE SOLENOID 24VDC 5/2 WAY 1/4 NPT,PARKER,,PARKER,Parker Hannifin
100-C09EJ01-84,CONTACTOR 9A 24VDC 1NC 3P IEC,,Allen-Bradley,,Rockwell Automation
LC1D25BD-84,CONTACTOR 25A 24VDC 3P TEESYS D,SQUARE D,Schneider Electric,,
6ES7214-1AG40-0XB0-84,SIMATIC S7-1200 CPU 1214C DC/DC/DC 14DI/10DQ/2AI,SIEMENS,Siemens AG,SIEMENS,Siemens Industry
XTCE018C10TD-84,CONTACTOR 18A 24VDC 1NO 3P FRAME C,EATON,Eaton Bussmann,CUTLER-HAMMER,Eaton
CP1-10G-10-84,PUSHBUTTON 22MM COMPACT GREEN FLUSH 1NO,ABB,ABB Installation,BALDOR,ABB Inc
14CE2-1-84,COMPACT ENCLOSED SWITCH ROLLER PLUNGER 1M,HONEYWELL,Honeywell Sensing,HONEYWELL,Honeywell International
PS1-E111-84,PNEUMATIC PRESSURE SWITCH 1-10 BAR DIN CONNECTOR,PARKER,Parker Hannifin,PARKER,Parker Hannifin
140G-G6C3-C50-85,MOLDED CASE CIR BRKR 50A 3P 480V,ALLEN BRADLEY,Allen-Bradley,ROCKWELL,Rockwell Automation
LADN22-85,AUXILIARY CONTACT BLOCK 2NO+2NC TEESYS,SQUARE D,Schneider Electric,SQUARED,Schneider Electric
3RV2011-1AA10-85,CIR BRKR SIZE S00 FOR MOTOR PROT 0.9-1.25A,SIEMENS,,SIEMENS,Siemens Industry
KTK-R-15-85,CLASS CC FAST ACTING FUSE 15A 600V,,Eaton Bussmann,,Eaton
ACS380-040S-02A6-4-85,MACHINERY DRIVE 1HP 480V 3PH IP20,ABB,ABB Installation,,
AML21BBA2AA-85,PUSHBUTTON PUSH-ON/PUSH-OFF SQUARE ILLUM,HONEYWELL,Honeywell Sensing,HONEYWELL,Honeywell International
MA33D-1/4-85,PRESSURE GAUGE 0-160 PSI 1/4 NPT BACK MOUNT,PARKER,Parker Hannifin,PARKER,Parker Hannifin
1756-L83E-86,CONTROLLOGIX 5580 CONTROLLER 10MB,ALLEN BRADLEY,Allen-Bradley,ROCKWELL,Rockwell Automation
TM221CE16R-86,MODICON M221 PLC 16 IO RELAY ETHERNET,SQUARE D,Schneider Electric,SQUARED,Schneider Electric
3SE5112-0CD02-86,LIMIT SWITCH METAL ENCLOSURE ROLLER PLUNGER,SIEMENS,Siemens AG,SIEMENS,Siemens Industry
DG1-34012FB-C21C-86,POWERXL DG1 VFD 7.5HP 480V IP21,EATON,Eaton Bussmann,CUTLER-HAMMER,Eaton
XT2N 125 EKIP LS/I IN=25A-86,TMAX XT2 CIR BRKR 25A 3P 600V,ABB,ABB Installation,BALDOR,ABB Inc
SZL-VL-S-J-86,MINIATURE LIMIT SWITCH CROSS ROLLER PLUNGER,HONEYWELL,,HONEYWELL,Honeywell International
06F22AC-86,PNEUMATIC FILTER 1/4 NPT 5 MICRON COMPACT,,Parker Hannifin,,Parker Hannifin
800T-A1A-87,PUSHBUTTON 30.5MM MOMENTARY BLACK FLUSH,ALLEN BRADLEY,Allen-Bradley,,
XB4BA21-87,PUSHBUTTON 22MM FLUSH BLACK SPRING RETURN,SQUARE D,Schneider Electric,SQUARED,Schneider Electric
6SL3210-1KE13-2UB2-87,SINAMICS G120C 1.5KW 400V 3AC PROFINET,SIEMENS,Siemens AG,SIEMENS,Siemens Industry
M22-D-G-87,PUSHBUTTON 22.5MM NON-ILLUM GREEN FLUSH,EATON,Eaton Bussmann,CUTLER-HAMMER,Eaton
TA25DU-11-87,THERMAL OVERLOAD RELAY 7.5-11A FOR AF09-AF38,ABB,ABB Installation,BALDOR,ABB Inc
MICRO SWITCH BZ-2RW82-A2-87,PREMIUM LARGE BASIC SWITCH SPDT 15A 125V,HONEYWELL,Honeywell Sensing,HONEYWELL,Honeywell International
DX1-411-BL49-87,ISO 5599-1 SIZE 1 VALVE 5/2 SINGLE SOLENOID 24VDC,PARKER,Parker Hannifin,PARKER,Parker Hannifin
193-EEB-88,ELECTRONIC OVERLOAD RELAY 1-5A,ALLEN BRADLEY,Allen-Bradley,ROCKWELL,Rockwell Automation
QO120-88,CIR BRKR 20A 1P 120V PLUG-IN 10KA,SQUARE D,,SQUARED,Schneider Electric
3RT2015-1BB41-88,POWER CONTACTOR 7A 24VDC 3P S00 SCREW,,Siemens AG,,Siemens Industry
LPJ-30SP-88,LOW-PEAK TIME DELAY FUSE 30A 600V DUAL ELEM,EATON,Eaton Bussmann,,
EM3558T-88,BALDOR RELIANCE MOTOR 3HP 1800RPM 3PH 56C TEFC,ABB,ABB Installation,BALDOR,ABB Inc
SS49E-88,LINEAR HALL EFFECT SENSOR 3-PIN RADIAL,HONEYWELL,Honeywell Sensing,HONEYWELL,Honeywell International
341N01-88,VALVE SOLENOID 2-WAY NC 1/4 NPT BRASS 120V,PARKER,Parker Hannifin,PARKER,Parker Hannifin
5069-IB16-89,COMPACT 5000 16PT 24VDC INPUT MODULE,ALLEN BRADLEY,Allen-Bradley,ROCKWELL,Rockwell Automation
ATV320U15N4B-89,ALTIVAR 320 VFD 2HP 480V 3PH COMPACT,SQUARE D,Schneider Electric,SQUARED,Schneider Electric
3VA5110-4EC31-0AA0-89,MOLDED CASE CIR BRKR 100A 3P 480V 25KA,SIEMENS,Siemens AG,SIEMENS,Siemens Industry
PSG240E24RM-89,POWER SUPPLY 24VDC 10A 240W DIN RAIL,EATON,Eaton Bussmann,CUTLER-HAMMER,Eaton
S203-C20-89,MINIATURE CIR BRKR 20A 3P 480Y/277V C CURVE,ABB,,BALDOR,ABB Inc
24PCEFA6G-89,PRESSURE SENSOR 0-0.5 PSI GAUGE PCB MOUNT,,Honeywell Sensing,,Honeywell International
06R213AC-89,PNEUMATIC REGULATOR 1/4 NPT 0-125 PSI,PARKER,Parker Hannifin,,
700-HA32A24-90,RELAY 24VAC 10A 2PDT OCTAL TUBE,ALLEN BRADLEY,Allen-Bradley,ROCKWELL,Rockwell Automation
RPM31BD-90,POWER RELAY 15A 3PDT 24VDC WITH LED,SQUARE D,Schneider Electric,SQUARED,Schneider Electric
3RU2116-1BB0-90,THERMAL OVERLOAD RELAY 1.4-2.0A SIZE S00,SIEMENS,Siemens AG,SIEMENS,Siemens Industry
E57-18LE12-A-90,PROX SENSOR INDUCTIVE M18 12MM NPN NO,EATON,Eaton Bussmann,CUTLER-HAMMER,Eaton
CP-E 24/2.5-90,POWER SUPPLY 24VDC 2.5A 100-240VAC IN,ABB,ABB Installation,BALDOR,ABB Inc
HIH-4000-001-90,HUMIDITY SENSOR ANALOG VOLTAGE OUTPUT,HONEYWELL,Honeywell Sensing,HONEYWELL,Honeywell International
F442-10-10-90,HYDRAULIC HOSE FITTING FEMALE JIC 5/8 TUBE,PARKER,Parker Hannifin,PARKER,Parker Hannifin
140U-J0D3-C40-91,CIR BRKR 40A 3P 600V MOLDED CASE,ALLEN BRADLEY,,ROCKWELL,Rockwell Automation
QO3100-91,CIR BRKR 100A 3P 240V PLUG-IN 10KA,,Schneider Electric,,Schneider Electric
3SU1000-0AB10-0AA0-91,PUSHBUTTON 22MM ROUND PLASTIC BLACK FLUSH,SIEMENS,Siemens AG,,
BAB3030H-91,CIR BRKR 30A 3P 240V BOLT-ON 10KA,EATON,Eaton Bussmann,CUTLER-HAMMER,Eaton
OT16F3-91,DISCONNECT SWITCH 3P 16A DOOR MOUNT,ABB,ABB Installation,BALDOR,ABB Inc
PX2AN1XX150PSAAX-91,HEAVY DUTY PRESSURE TRANSDUCER 150 PSI,HONEYWELL,Honeywell Sensing,HONEYWELL,Honeywell International
PL-4-2-91,PUSH-TO-CONNECT FITTING 1/4 TUBE X 1/8 NPT MALE,PARKER,Parker Hannifin,PARKER,Parker Hannifin
25B-D010N104-92,POWERFLEX 525 VFD 5HP 480VAC 3PH,ALLEN BRADLEY,Allen-Bradley,ROCKWELL,Rockwell Automation
PKF16M434-92,PRATIKE INDUSTRIAL PLUG 16A 3P+E 400V IP44,SQUARE D,Schneider Electric,SQUARED,Schneider Electric
6GK5005-0BA00-1AB2-92,SCALANCE X005 UNMANAGED IE SWITCH 5 RJ45,SIEMENS,Siemens AG,SIEMENS,Siemens Industry
FNQ-R-10-92,CLASS CC TIME DELAY FUSE 10A 600V,EATON,,CUTLER-HAMMER,Eaton
AF16-30-10-13-92,CONTACTOR 16A 100-250VAC/DC 3P 1NO,,ABB Installation,,ABB Inc
GLAC01A1B-92,GLOBAL LIMIT SWITCH 1NC/1NO SPDT SNAP ACTION,HONEYWELL,Honeywell Sensing,,
06L22AC-92,PNEUMATIC LUBRICATOR 1/4 NPT STANDARD MIST,PARKER,Parker Hannifin,PARKER,Parker Hannifin
42EF-D1MNAK-A2-93,PHOTOSENSOR RETRO 24VDC NPN/PNP 2M,ALLEN BRADLEY,Allen-Bradley,ROCKWELL,Rockwell Automation
XMLB010A2S12-93,PRESSURE SWITCH 10 BAR ADJUSTABLE SCALE,SQUARE D,Schneider Electric,SQUARED,Schneider Electric
6EP1333-2BA20-93,SITOP POWER SUPPLY 24VDC 5A 120/230VAC,SIEMENS,Siemens AG,SIEMENS,Siemens Industry
C25DNF340A-93,DEFINITE PURPOSE CONTACTOR 40A 3P 120VAC,EATON,Eaton Bussmann,CUTLER-HAMMER,Eaton
CR-M024DC4-93,PLUG-IN MINIATURE RELAY 4PDT 6A 24VDC,ABB,ABB Installation,BALDOR,ABB Inc
CSNE151-100-93,CLOSED LOOP CURRENT SENSOR 25A PCB MOUNT,HONEYWELL,Honeywell Sensing,HONEYWELL,Honeywell International
P2LBX512ESNDDB49-93,VALVE SOLENOID 24VDC 5/2 WAY 1/4 NPT,PARKER,,PARKER,Parker Hannifin
100-C09EJ01-94,CONTACTOR 9A 24VDC 1NC 3P IEC,,Allen-Bradley,,Rockwell Automation
LC1D25BD-94,CONTACTOR 25A 24VDC 3P TEESYS D,SQUARE D,Schneider Electric,,
6ES7214-1AG40-0XB0-94,SIMATIC S7-1200 CPU 1214C DC/DC/DC 14DI/10DQ/2AI,SIEMENS,Siemens AG,SIEMENS,Siemens Industry
XTCE018C10TD-94,CONTACTOR 18A 24VDC 1NO 3P FRAME C,EATON,Eaton Bussmann,CUTLER-HAMMER,Eaton
CP1-10G-10-94,PUSHBUTTON 22MM COMPACT GREEN FLUSH 1NO,ABB,ABB Installation,BALDOR,ABB Inc
14CE2-1-94,COMPACT ENCLOSED SWITCH ROLLER PLUNGER 1M,HONEYWELL,Honeywell Sensing,HONEYWELL,Honeywell International
PS1-E111-94,PNEUMATIC PRESSURE SWITCH 1-10 BAR DIN CONNECTOR,PARKER,Parker Hannifin,PARKER,Parker Hannifin
140G-G6C3-C50-95,MOLDED CASE CIR BRKR 50A 3P 480V,ALLEN BRADLEY,Allen-Bradley,ROCKWELL,Rockwell Automation
LADN22-95,AUXILIARY CONTACT BLOCK 2NO+2NC TEESYS,SQUARE D,Schneider Electric,SQUARED,Schneider Electric
3RV2011-1AA10-95,CIR BRKR SIZE S00 FOR MOTOR PROT 0.9-1.25A,SIEMENS,,SIEMENS,Siemens Industry
KTK-R-15-95,CLASS CC FAST ACTING FUSE 15A 600V,,Eaton Bussmann,,Eaton
ACS380-040S-02A6-4-95,MACHINERY DRIVE 1HP 480V 3PH IP20,ABB,ABB Installation,,
AML21BBA2AA-95,PUSHBUTTON PUSH-ON/PUSH-OFF SQUARE ILLUM,HONEYWELL,Honeywell Sensing,HONEYWELL,Honeywell International
MA33D-1/4-95,PRESSURE GAUGE 0-160 PSI 1/4 NPT BACK MOUNT,PARKER,Parker Hannifin,PARKER,Parker Hannifin
1756-L83E-96,CONTROLLOGIX 5580 CONTROLLER 10MB,ALLEN BRADLEY,Allen-Bradley,ROCKWELL,Rockwell Automation
TM221CE16R-96,MODICON M221 PLC 16 IO RELAY ETHERNET,SQUARE D,Schneider Electric,SQUARED,Schneider Electric
3SE5112-0CD02-96,LIMIT SWITCH METAL ENCLOSURE ROLLER PLUNGER,SIEMENS,Siemens AG,SIEMENS,Siemens Industry
DG1-34012FB-C21C-96,POWERXL DG1 VFD 7.5HP 480V IP21,EATON,Eaton Bussmann,CUTLER-HAMMER,Eaton
XT2N 125 EKIP LS/I IN=25A-96,TMAX XT2 CIR BRKR 25A 3P 600V,ABB,ABB Installation,BALDOR,ABB Inc
SZL-VL-S-J-96,MINIATURE LIMIT SWITCH CROSS ROLLER PLUNGER,HONEYWELL,,HONEYWELL,Honeywell International
06F22AC-96,PNEUMATIC FILTER 1/4 NPT 5 MICRON COMPACT,,Parker Hannifin,,Parker Hannifin
800T-A1A-97,PUSHBUTTON 30.5MM MOMENTARY BLACK FLUSH,ALLEN BRADLEY,Allen-Bradley,,
XB4BA21-97,PUSHBUTTON 22MM FLUSH BLACK SPRING RETURN,SQUARE D,Schneider Electric,SQUARED,Schneider Electric
6SL3210-1KE13-2UB2-97,SINAMICS G120C 1.5KW 400V 3AC PROFINET,SIEMENS,Siemens AG,SIEMENS,Siemens Industry
M22-D-G-97,PUSHBUTTON 22.5MM NON-ILLUM GREEN FLUSH,EATON,Eaton Bussmann,CUTLER-HAMMER,Eaton
TA25DU-11-97,THERMAL OVERLOAD RELAY 7.5-11A FOR AF09-AF38,ABB,ABB Installation,BALDOR,ABB Inc
MICRO SWITCH BZ-2RW82-A2-97,PREMIUM LARGE BASIC SWITCH SPDT 15A 125V,HONEYWELL,Honeywell Sensing,HONEYWELL,Honeywell International
DX1-411-BL49-97,ISO 5599-1 SIZE 1 VALVE 5/2 SINGLE SOLENOID 24VDC,PARKER,Parker Hannifin,PARKER,Parker Hannifin
193-EEB-98,ELECTRONIC OVERLOAD RELAY 1-5A,ALLEN BRADLEY,Allen-Bradley,ROCKWELL,Rockwell Automation
QO120-98,CIR BRKR 20A 1P 120V PLUG-IN 10KA,SQUARE D,,SQUARED,Schneider Electric
3RT2015-1BB41-98,POWER CONTACTOR 7A 24VDC 3P S00 SCREW,,Siemens AG,,Siemens Industry
LPJ-30SP-98,LOW-PEAK TIME DELAY FUSE 30A 600V DUAL ELEM,EATON,Eaton Bussmann,,
EM3558T-98,BALDOR RELIANCE MOTOR 3HP 1800RPM 3PH 56C TEFC,ABB,ABB Installation,BALDOR,ABB Inc
SS49E-98,LINEAR HALL EFFECT SENSOR 3-PIN RADIAL,HONEYWELL,Honeywell Sensing,HONEYWELL,Honeywell International
341N01-98,VALVE SOLENOID 2-WAY NC 1/4 NPT BRASS 120V,PARKER,Parker Hannifin,PARKER,Parker Hannifin
5069-IB16-99,COMPACT 5000 16PT 24VDC INPUT MODULE,ALLEN BRADLEY,Allen-Bradley,ROCKWELL,Rockwell Automation
ATV320U15N4B-99,ALTIVAR 320 VFD 2HP 480V 3PH COMPACT,SQUARE D,Schneider Electric,SQUARED,Schneider Electric
3VA5110-4EC31-0AA0-99,MOLDED CASE CIR BRKR 100A 3P 480V 25KA,SIEMENS,Siemens AG,SIEMENS,Siemens Industry
PSG240E24RM-99,POWER SUPPLY 24VDC 10A 240W DIN RAIL,EATON,Eaton Bussmann,CUTLER-HAMMER,Eaton
S203-C20-99,MINIATURE CIR BRKR 20A 3P 480Y/277V C CURVE,ABB,,BALDOR,ABB Inc
24PCEFA6G-99,PRESSURE SENSOR 0-0.5 PSI GAUGE PCB MOUNT,,Honeywell Sensing,,Honeywell International
06R213AC-99,PNEUMATIC REGULATOR 1/4 NPT 0-125 PSI,PARKER,Parker Hannifin,,
700-HA32A24-100,RELAY 24VAC 10A 2PDT OCTAL TUBE,ALLEN BRADLEY,Allen-Bradley,ROCKWELL,Rockwell Automation
RPM31BD-100,POWER RELAY 15A 3PDT 24VDC WITH LED,SQUARE D,Schneider Electric,SQUARED,Schneider Electric
3RU2116-1BB0-100,THERMAL OVERLOAD RELAY 1.4-2.0A SIZE S00,SIEMENS,Siemens AG,SIEMENS,Siemens Industry
E57-18LE12-A-100,PROX SENSOR INDUCTIVE M18 12MM NPN NO,EATON,Eaton Bussmann,CUTLER-HAMMER,Eaton
CP-E 24/2.5-100,POWER SUPPLY 24VDC 2.5A 100-240VAC IN,ABB,ABB Installation,BALDOR,ABB Inc
HIH-4000-001-100,HUMIDITY SENSOR ANALOG VOLTAGE OUTPUT,HONEYWELL,Honeywell Sensing,HONEYWELL,Honeywell International
F442-10-10-100,HYDRAULIC HOSE FITTING FEMALE JIC 5/8 TUBE,PARKER,Parker Hannifin,PARKER,Parker Hannifin
140U-J0D3-C40-101,CIR BRKR 40A 3P 600V MOLDED CASE,ALLEN BRADLEY,,ROCKWELL,Rockwell Automation
QO3100-101,CIR BRKR 100A 3P 240V PLUG-IN 10KA,,Schneider Electric,,Schneider Electric
3SU1000-0AB10-0AA0-101,PUSHBUTTON 22MM ROUND PLASTIC BLACK FLUSH,SIEMENS,Siemens AG,,
BAB3030H-101,CIR BRKR 30A 3P 240V BOLT-ON 10KA,EATON,Eaton Bussmann,CUTLER-HAMMER,Eaton
OT16F3-101,DISCONNECT SWITCH 3P 16A DOOR MOUNT,ABB,ABB Installation,BALDOR,ABB Inc
PX2AN1XX150PSAAX-101,HEAVY DUTY PRESSURE TRANSDUCER 150 PSI,HONEYWELL,Honeywell Sensing,HONEYWELL,Honeywell International
PL-4-2-101,PUSH-TO-CONNECT FITTING 1/4 TUBE X 1/8 NPT MALE,PARKER,Parker Hannifin,PARKER,Parker Hannifin
25B-D010N104-102,POWERFLEX 525 VFD 5HP 480VAC 3PH,ALLEN BRADLEY,Allen-Bradley,ROCKWELL,Rockwell Automation
PKF16M434-102,PRATIKE INDUSTRIAL PLUG 16A 3P+E 400V IP44,SQUARE D,Schneider Electric,SQUARED,Schneider Electric
6GK5005-0BA00-1AB2-102,SCALANCE X005 UNMANAGED IE SWITCH 5 RJ45,SIEMENS,Siemens AG,SIEMENS,Siemens Industry
FNQ-R-10-102,CLASS CC TIME DELAY FUSE 10A 600V,EATON,,CUTLER-HAMMER,Eaton
AF16-30-10-13-102,CONTACTOR 16A 100-250VAC/DC 3P 1NO,,ABB Installation,,ABB Inc
GLAC01A1B-102,GLOBAL LIMIT SWITCH 1NC/1NO SPDT SNAP ACTION,HONEYWELL,Honeywell Sensing,,
06L22AC-102,PNEUMATIC LUBRICATOR 1/4 NPT STANDARD MIST,PARKER,Parker Hannifin,PARKER,Parker Hannifin
42EF-D1MNAK-A2-103,PHOTOSENSOR RETRO 24VDC NPN/PNP 2M,ALLEN BRADLEY,Allen-Bradley,ROCKWELL,Rockwell Automation
XMLB010A2S12-103,PRESSURE SWITCH 10 BAR ADJUSTABLE SCALE,SQUARE D,Schneider Electric,SQUARED,Schneider Electric
6EP1333-2BA20-103,SITOP POWER SUPPLY 24VDC 5A 120/230VAC,SIEMENS,Siemens AG,SIEMENS,Siemens Industry
C25DNF340A-103,DEFINITE PURPOSE CONTACTOR 40A 3P 120VAC,EATON,Eaton Bussmann,CUTLER-HAMMER,Eaton
CR-M024DC4-103,PLUG-IN MINIATURE RELAY 4PDT 6A 24VDC,ABB,ABB Installation,BALDOR,ABB Inc
CSNE151-100-103,CLOSED LOOP CURRENT SENSOR 25A PCB MOUNT,HONEYWELL,Honeywell Sensing,HONEYWELL,Honeywell International
P2LBX512ESNDDB49-103,VALVE SOLENOID 24VDC 5/2 WAY 1/4 NPT,PARKER,,PARKER,Parker Hannifin
100-C09EJ01-104,CONTACTOR 9A 24VDC 1NC 3P IEC,,Allen-Bradley,,Rockwell Automation
LC1D25BD-104,CONTACTOR 25A 24VDC 3P TEESYS D,SQUARE D,Schneider Electric,,
6ES7214-1AG40-0XB0-104,SIMATIC S7-1200 CPU 1214C DC/DC/DC 14DI/10DQ/2AI,SIEMENS,Siemens AG,SIEMENS,Siemens Industry
XTCE018C10TD-104,CONTACTOR 18A 24VDC 1NO 3P FRAME C,EATON,Eaton Bussmann,CUTLER-HAMMER,Eaton
CP1-10G-10-104,PUSHBUTTON 22MM COMPACT GREEN FLUSH 1NO,ABB,ABB Installation,BALDOR,ABB Inc
14CE2-1-104,COMPACT ENCLOSED SWITCH ROLLER PLUNGER 1M,HONEYWELL,Honeywell Sensing,HONEYWELL,Honeywell International
PS1-E111-104,PNEUMATIC PRESSURE SWITCH 1-10 BAR DIN CONNECTOR,PARKER,Parker Hannifin,PARKER,Parker Hannifin
140G-G6C3-C50-105,MOLDED CASE CIR BRKR 50A 3P 480V,ALLEN BRADLEY,Allen-Bradley,ROCKWELL,Rockwell Automation
LADN22-105,AUXILIARY CONTACT BLOCK 2NO+2NC TEESYS,SQUARE D,Schneider Electric,SQUARED,Schneider Electric
3RV2011-1AA10-105,CIR BRKR SIZE S00 FOR MOTOR PROT 0.9-1.25A,SIEMENS,,SIEMENS,Siemens Industry
KTK-R-15-105,CLASS CC FAST ACTING FUSE 15A 600V,,Eaton Bussmann,,Eaton
ACS380-040S-02A6-4-105,MACHINERY DRIVE 1HP 480V 3PH IP20,ABB,ABB Installation,,
AML21BBA2AA-105,PUSHBUTTON PUSH-ON/PUSH-OFF SQUARE ILLUM,HONEYWELL,Honeywell Sensing,HONEYWELL,Honeywell International
MA33D-1/4-105,PRESSURE GAUGE 0-160 PSI 1/4 NPT BACK MOUNT,PARKER,Parker Hannifin,PARKER,Parker Hannifin
1756-L83E-106,CONTROLLOGIX 5580 CONTROLLER 10MB,ALLEN BRADLEY,Allen-Bradley,ROCKWELL,Rockwell Automation
TM221CE16R-106,MODICON M221 PLC 16 IO RELAY ETHERNET,SQUARE D,Schneider Electric,SQUARED,Schneider Electric
3SE5112-0CD02-106,LIMIT SWITCH METAL ENCLOSURE ROLLER PLUNGER,SIEMENS,Siemens AG,SIEMENS,Siemens Industry
DG1-34012FB-C21C-106,POWERXL DG1 VFD 7.5HP 480V IP21,EATON,Eaton Bussmann,CUTLER-HAMMER,Eaton
XT2N 125 EKIP LS/I IN=25A-106,TMAX XT2 CIR BRKR 25A 3P 600V,ABB,ABB Installation,BALDOR,ABB Inc
SZL-VL-S-J-106,MINIATURE LIMIT SWITCH CROSS ROLLER PLUNGER,HONEYWELL,,HONEYWELL,Honeywell International
06F22AC-106,PNEUMATIC FILTER 1/4 NPT 5 MICRON COMPACT,,Parker Hannifin,,Parker Hannifin
800T-A1A-107,PUSHBUTTON 30.5MM MOMENTARY BLACK FLUSH,ALLEN BRADLEY,Allen-Bradley,,
XB4BA21-107,PUSHBUTTON 22MM FLUSH BLACK SPRING RETURN,SQUARE D,Schneider Electric,SQUARED,Schneider Electric
6SL3210-1KE13-2UB2-107,SINAMICS G120C 1.5KW 400V 3AC PROFINET,SIEMENS,Siemens AG,SIEMENS,Siemens Industry
M22-D-G-107,PUSHBUTTON 22.5MM NON-ILLUM GREEN FLUSH,EATON,Eaton Bussmann,CUTLER-HAMMER,Eaton
TA25DU-11-107,THERMAL OVERLOAD RELAY 7.5-11A FOR AF09-AF38,ABB,ABB Installation,BALDOR,ABB Inc
MICRO SWITCH BZ-2RW82-A2-107,PREMIUM LARGE BASIC SWITCH SPDT 15A 125V,HONEYWELL,Honeywell Sensing,HONEYWELL,Honeywell International
DX1-411-BL49-107,ISO 5599-1 SIZE 1 VALVE 5/2 SINGLE SOLENOID 24VDC,PARKER,Parker Hannifin,PARKER,Parker Hannifin
193-EEB-108,ELECTRONIC OVERLOAD RELAY 1-5A,ALLEN BRADLEY,Allen-Bradley,ROCKWELL,Rockwell Automation
QO120-108,CIR BRKR 20A 1P 120V PLUG-IN 10KA,SQUARE D,,SQUARED,Schneider Electric
3RT2015-1BB41-108,POWER CONTACTOR 7A 24VDC 3P S00 SCREW,,Siemens AG,,Siemens Industry
LPJ-30SP-108,LOW-PEAK TIME DELAY FUSE 30A 600V DUAL ELEM,EATON,Eaton Bussmann,,
EM3558T-108,BALDOR RELIANCE MOTOR 3HP 1800RPM 3PH 56C TEFC,ABB,ABB Installation,BALDOR,ABB Inc
SS49E-108,LINEAR HALL EFFECT SENSOR 3-PIN RADIAL,HONEYWELL,Honeywell Sensing,HONEYWELL,Honeywell International
341N01-108,VALVE SOLENOID 2-WAY NC 1/4 NPT BRASS 120V,PARKER,Parker Hannifin,PARKER,Parker Hannifin
5069-IB16-109,COMPACT 5000 16PT 24VDC INPUT MODULE,ALLEN BRADLEY,Allen-Bradley,ROCKWELL,Rockwell Automation
ATV320U15N4B-109,ALTIVAR 320 VFD 2HP 480V 3PH COMPACT,SQUARE D,Schneider Electric,SQUARED,Schneider Electric
3VA5110-4EC31-0AA0-109,MOLDED CASE CIR BRKR 100A 3P 480V 25KA,SIEMENS,Siemens AG,SIEMENS,Siemens Industry
PSG240E24RM-109,POWER SUPPLY 24VDC 10A 240W DIN RAIL,EATON,Eaton Bussmann,CUTLER-HAMMER,Eaton
S203-C20-109,MINIATURE CIR BRKR 20A 3P 480Y/277V C CURVE,ABB,,BALDOR,ABB Inc
24PCEFA6G-109,PRESSURE SENSOR 0-0.5 PSI GAUGE PCB MOUNT,,Honeywell Sensing,,Honeywell International
06R213AC-109,PNEUMATIC REGULATOR 1/4 NPT 0-125 PSI,PARKER,Parker Hannifin,,
700-HA32A24-110,RELAY 24VAC 10A 2PDT OCTAL TUBE,ALLEN BRADLEY,Allen-Bradley,ROCKWELL,Rockwell Automation
RPM31BD-110,POWER RELAY 15A 3PDT 24VDC WITH LED,SQUARE D,Schneider Electric,SQUARED,Schneider Electric
3RU2116-1BB0-110,THERMAL OVERLOAD RELAY 1.4-2.0A SIZE S00,SIEMENS,Siemens AG,SIEMENS,Siemens Industry
E57-18LE12-A-110,PROX SENSOR INDUCTIVE M18 12MM NPN NO,EATON,Eaton Bussmann,CUTLER-HAMMER,Eaton
CP-E 24/2.5-110,POWER SUPPLY 24VDC 2.5A 100-240VAC IN,ABB,ABB Installation,BALDOR,ABB Inc
HIH-4000-001-110,HUMIDITY SENSOR ANALOG VOLTAGE OUTPUT,HONEYWELL,Honeywell Sensing,HONEYWELL,Honeywell International
F442-10-10-110,HYDRAULIC HOSE FITTING FEMALE JIC 5/8 TUBE,PARKER,Parker Hannifin,PARKER,Parker Hannifin
140U-J0D3-C40-111,CIR BRKR 40A 3P 600V MOLDED CASE,ALLEN BRADLEY,,ROCKWELL,Rockwell Automation
QO3100-111,CIR BRKR 100A 3P 240V PLUG-IN 10KA,,Schneider Electric,,Schneider Electric
3SU1000-0AB10-0AA0-111,PUSHBUTTON 22MM ROUND PLASTIC BLACK FLUSH,SIEMENS,Siemens AG,,
BAB3030H-111,CIR BRKR 30A 3P 240V BOLT-ON 10KA,EATON,Eaton Bussmann,CUTLER-HAMMER,Eaton
OT16F3-111,DISCONNECT SWITCH 3P 16A DOOR MOUNT,ABB,ABB Installation,BALDOR,ABB Inc
PX2AN1XX150PSAAX-111,HEAVY DUTY PRESSURE TRANSDUCER 150 PSI,HONEYWELL,Honeywell Sensing,HONEYWELL,Honeywell International
PL-4-2-111,PUSH-TO-CONNECT FITTING 1/4 TUBE X 1/8 NPT MALE,PARKER,Parker Hannifin,PARKER,Parker Hannifin
25B-D010N104-112,POWERFLEX 525 VFD 5HP 480VAC 3PH,ALLEN BRADLEY,Allen-Bradley,ROCKWELL,Rockwell Automation
PKF16M434-112,PRATIKE INDUSTRIAL PLUG 16A 3P+E 400V IP44,SQUARE D,Schneider Electric,SQUARED,Schneider Electric
6GK5005-0BA00-1AB2-112,SCALANCE X005 UNMANAGED IE SWITCH 5 RJ45,SIEMENS,Siemens AG,SIEMENS,Siemens Industry
FNQ-R-10-112,CLASS CC TIME DELAY FUSE 10A 600V,EATON,,CUTLER-HAMMER,Eaton
AF16-30-10-13-112,CONTACTOR 16A 100-250VAC/DC 3P 1NO,,ABB Installation,,ABB Inc
GLAC01A1B-112,GLOBAL LIMIT SWITCH 1NC/1NO SPDT SNAP ACTION,HONEYWELL,Honeywell Sensing,,
06L22AC-112,PNEUMATIC LUBRICATOR 1/4 NPT STANDARD MIST,PARKER,Parker Hannifin,PARKER,Parker Hannifin
42EF-D1MNAK-A2-113,PHOTOSENSOR RETRO 24VDC NPN/PNP 2M,ALLEN BRADLEY,Allen-Bradley,ROCKWELL,Rockwell Automation
XMLB010A2S12-113,PRESSURE SWITCH 10 BAR ADJUSTABLE SCALE,SQUARE D,Schneider Electric,SQUARED,Schneider Electric
6EP1333-2BA20-113,SITOP POWER SUPPLY 24VDC 5A 120/230VAC,SIEMENS,Siemens AG,SIEMENS,Siemens Industry
C25DNF340A-113,DEFINITE PURPOSE CONTACTOR 40A 3P 120VAC,EATON,Eaton Bussmann,CUTLER-HAMMER,Eaton
CR-M024DC4-113,PLUG-IN MINIATURE RELAY 4PDT 6A 24VDC,ABB,ABB Installation,BALDOR,ABB Inc
CSNE151-100-113,CLOSED LOOP CURRENT SENSOR 25A PCB MOUNT,HONEYWELL,Honeywell Sensing,HONEYWELL,Honeywell International
P2LBX512ESNDDB49-113,VALVE SOLENOID 24VDC 5/2 WAY 1/4 NPT,PARKER,,PARKER,Parker Hannifin
100-C09EJ01-114,CONTACTOR 9A 24VDC 1NC 3P IEC,,Allen-Bradley,,Rockwell Automation
LC1D25BD-114,CONTACTOR 25A 24VDC 3P TEESYS D,SQUARE D,Schneider Electric,,
6ES7214-1AG40-0XB0-114,SIMATIC S7-1200 CPU 1214C DC/DC/DC 14DI/10DQ/2AI,SIEMENS,Siemens AG,SIEMENS,Siemens Industry
XTCE018C10TD-114,CONTACTOR 18A 24VDC 1NO 3P FRAME C,EATON,Eaton Bussmann,CUTLER-HAMMER,Eaton
CP1-10G-10-114,PUSHBUTTON 22MM COMPACT GREEN FLUSH 1NO,ABB,ABB Installation,BALDOR,ABB Inc
14CE2-1-114,COMPACT ENCLOSED SWITCH ROLLER PLUNGER 1M,HONEYWELL,Honeywell Sensing,HONEYWELL,Honeywell International
PS1-E111-114,PNEUMATIC PRESSURE SWITCH 1-10 BAR DIN CONNECTOR,PARKER,Parker Hannifin,PARKER,Parker Hannifin
140G-G6C3-C50-115,MOLDED CASE CIR BRKR 50A 3P 480V,ALLEN BRADLEY,Allen-Bradley,ROCKWELL,Rockwell Automation
LADN22-115,AUXILIARY CONTACT BLOCK 2NO+2NC TEESYS,SQUARE D,Schneider Electric,SQUARED,Schneider Electric
3RV2011-1AA10-115,CIR BRKR SIZE S00 FOR MOTOR PROT 0.9-1.25A,SIEMENS,,SIEMENS,Siemens Industry
KTK-R-15-115,CLASS CC FAST ACTING FUSE 15A 600V,,Eaton Bussmann,,Eaton
ACS380-040S-02A6-4-115,MACHINERY DRIVE 1HP 480V 3PH IP20,ABB,ABB Installation,,
AML21BBA2AA-115,PUSHBUTTON PUSH-ON/PUSH-OFF SQUARE ILLUM,HONEYWELL,Honeywell Sensing,HONEYWELL,Honeywell International
MA33D-1/4-115,PRESSURE GAUGE 0-160 PSI 1/4 NPT BACK MOUNT,PARKER,Parker Hannifin,PARKER,Parker Hannifin
1756-L83E-116,CONTROLLOGIX 5580 CONTROLLER 10MB,ALLEN BRADLEY,Allen-Bradley,ROCKWELL,Rockwell Automation
TM221CE16R-116,MODICON M221 PLC 16 IO RELAY ETHERNET,SQUARE D,Schneider Electric,SQUARED,Schneider Electric
3SE5112-0CD02-116,LIMIT SWITCH METAL ENCLOSURE ROLLER PLUNGER,SIEMENS,Siemens AG,SIEMENS,Siemens Industry
DG1-34012FB-C21C-116,POWERXL DG1 VFD 7.5HP 480V IP21,EATON,Eaton Bussmann,CUTLER-HAMMER,Eaton
XT2N 125 EKIP LS/I IN=25A-116,TMAX XT2 CIR BRKR 25A 3P 600V,ABB,ABB Installation,BALDOR,ABB Inc
SZL-VL-S-J-116,MINIATURE LIMIT SWITCH CROSS ROLLER PLUNGER,HONEYWELL,,HONEYWELL,Honeywell International
06F22AC-116,PNEUMATIC FILTER 1/4 NPT 5 MICRON COMPACT,,Parker Hannifin,,Parker Hannifin
800T-A1A-117,PUSHBUTTON 30.5MM MOMENTARY BLACK FLUSH,ALLEN BRADLEY,Allen-Bradley,,
XB4BA21-117,PUSHBUTTON 22MM FLUSH BLACK SPRING RETURN,SQUARE D,Schneider Electric,SQUARED,Schneider Electric
6SL3210-1KE13-2UB2-117,SINAMICS G120C 1.5KW 400V 3AC PROFINET,SIEMENS,Siemens AG,SIEMENS,Siemens Industry
M22-D-G-117,PUSHBUTTON 22.5MM NON-ILLUM GREEN FLUSH,EATON,Eaton Bussmann,CUTLER-HAMMER,Eaton
TA25DU-11-117,THERMAL OVERLOAD RELAY 7.5-11A FOR AF09-AF38,ABB,ABB Installation,BALDOR,ABB Inc
MICRO SWITCH BZ-2RW82-A2-117,PREMIUM LARGE BASIC SWITCH SPDT 15A 125V,HONEYWELL,Honeywell Sensing,HONEYWELL,Honeywell International
DX1-411-BL49-117,ISO 5599-1 SIZE 1 VALVE 5/2 SINGLE SOLENOID 24VDC,PARKER,Parker Hannifin,PARKER,Parker Hannifin
193-EEB-118,ELECTRONIC OVERLOAD RELAY 1-5A,ALLEN BRADLEY,Allen-Bradley,ROCKWELL,Rockwell Automation
QO120-118,CIR BRKR 20A 1P 120V PLUG-IN 10KA,SQUARE D,,SQUARED,Schneider Electric
3RT2015-1BB41-118,POWER CONTACTOR 7A 24VDC 3P S00 SCREW,,Siemens AG,,Siemens Industry
LPJ-30SP-118,LOW-PEAK TIME DELAY FUSE 30A 600V DUAL ELEM,EATON,Eaton Bussmann,,
EM3558T-118,BALDOR RELIANCE MOTOR 3HP 1800RPM 3PH 56C TEFC,ABB,ABB Installation,BALDOR,ABB Inc
SS49E-118,LINEAR HALL EFFECT SENSOR 3-PIN RADIAL,HONEYWELL,Honeywell Sensing,HONEYWELL,Honeywell International
341N01-118,VALVE SOLENOID 2-WAY NC 1/4 NPT BRASS 120V,PARKER,Parker Hannifin,PARKER,Parker Hannifin
5069-IB16-119,COMPACT 5000 16PT 24VDC INPUT MODULE,ALLEN BRADLEY,Allen-Bradley,ROCKWELL,Rockwell Automation
ATV320U15N4B-119,ALTIVAR 320 VFD 2HP 480V 3PH COMPACT,SQUARE D,Schneider Electric,SQUARED,Schneider Electric
3VA5110-4EC31-0AA0-119,MOLDED CASE CIR BRKR 100A 3P 480V 25KA,SIEMENS,Siemens AG,SIEMENS,Siemens Industry
PSG240E24RM-119,POWER SUPPLY 24VDC 10A 240W DIN RAIL,EATON,Eaton Bussmann,CUTLER-HAMMER,Eaton
S203-C20-119,MINIATURE CIR BRKR 20A 3P 480Y/277V C CURVE,ABB,,BALDOR,ABB Inc
24PCEFA6G-119,PRESSURE SENSOR 0-0.5 PSI GAUGE PCB MOUNT,,Honeywell Sensing,,Honeywell International
06R213AC-119,PNEUMATIC REGULATOR 1/4 NPT 0-125 PSI,PARKER,Parker Hannifin,,
700-HA32A24-120,RELAY 24VAC 10A 2PDT OCTAL TUBE,ALLEN BRADLEY,Allen-Bradley,ROCKWELL,Rockwell Automation
RPM31BD-120,POWER RELAY 15A 3PDT 24VDC WITH LED,SQUARE D,Schneider Electric,SQUARED,Schneider Electric
3RU2116-1BB0-120,THERMAL OVERLOAD RELAY 1.4-2.0A SIZE S00,SIEMENS,Siemens AG,SIEMENS,Siemens Industry
E57-18LE12-A-120,PROX SENSOR INDUCTIVE M18 12MM NPN NO,EATON,Eaton Bussmann,CUTLER-HAMMER,Eaton
CP-E 24/2.5-120,POWER SUPPLY 24VDC 2.5A 100-240VAC IN,ABB,ABB Installation,BALDOR,ABB Inc
HIH-4000-001-120,HUMIDITY SENSOR ANALOG VOLTAGE OUTPUT,HONEYWELL,Honeywell Sensing,HONEYWELL,Honeywell International
F442-10-10-120,HYDRAULIC HOSE FITTING FEMALE JIC 5/8 TUBE,PARKER,Parker Hannifin,PARKER,Parker Hannifin
140U-J0D3-C40-121,CIR BRKR 40A 3P 600V MOLDED CASE,ALLEN BRADLEY,,ROCKWELL,Rockwell Automation
QO3100-121,CIR BRKR 100A 3P 240V PLUG-IN 10KA,,Schneider Electric,,Schneider Electric
3SU1000-0AB10-0AA0-121,PUSHBUTTON 22MM ROUND PLASTIC BLACK FLUSH,SIEMENS,Siemens AG,,
BAB3030H-121,CIR BRKR 30A 3P 240V BOLT-ON 10KA,EATON,Eaton Bussmann,CUTLER-HAMMER,Eaton
OT16F3-121,DISCONNECT SWITCH 3P 16A DOOR MOUNT,ABB,ABB Installation,BALDOR,ABB Inc
PX2AN1XX150PSAAX-121,HEAVY DUTY PRESSURE TRANSDUCER 150 PSI,HONEYWELL,Honeywell Sensing,HONEYWELL,Honeywell International
PL-4-2-121,PUSH-TO-CONNECT FITTING 1/4 TUBE X 1/8 NPT MALE,PARKER,Parker Hannifin,PARKER,Parker Hannifin
25B-D010N104-122,POWERFLEX 525 VFD 5HP 480VAC 3PH,ALLEN BRADLEY,Allen-Bradley,ROCKWELL,Rockwell Automation
PKF16M434-122,PRATIKE INDUSTRIAL PLUG 16A 3P+E 400V IP44,SQUARE D,Schneider Electric,SQUARED,Schneider Electric
6GK5005-0BA00-1AB2-122,SCALANCE X005 UNMANAGED IE SWITCH 5 RJ45,SIEMENS,Siemens AG,SIEMENS,Siemens Industry
FNQ-R-10-122,CLASS CC TIME DELAY FUSE 10A 600V,EATON,,CUTLER-HAMMER,Eaton
AF16-30-10-13-122,CONTACTOR 16A 100-250VAC/DC 3P 1NO,,ABB Installation,,ABB Inc
GLAC01A1B-122,GLOBAL LIMIT SWITCH 1NC/1NO SPDT SNAP ACTION,HONEYWELL,Honeywell Sensing,,
06L22AC-122,PNEUMATIC LUBRICATOR 1/4 NPT STANDARD MIST,PARKER,Parker Hannifin,PARKER,Parker Hannifin
42EF-D1MNAK-A2-123,PHOTOSENSOR RETRO 24VDC NPN/PNP 2M,ALLEN BRADLEY,Allen-Bradley,ROCKWELL,Rockwell Automation
XMLB010A2S12-123,PRESSURE SWITCH 10 BAR ADJUSTABLE SCALE,SQUARE D,Schneider Electric,SQUARED,Schneider Electric
6EP1333-2BA20-123,SITOP POWER SUPPLY 24VDC 5A 120/230VAC,SIEMENS,Siemens AG,SIEMENS,Siemens Industry
C25DNF340A-123,DEFINITE PURPOSE CONTACTOR 40A 3P 120VAC,EATON,Eaton Bussmann,CUTLER-HAMMER,Eaton
CR-M024DC4-123,PLUG-IN MINIATURE RELAY 4PDT 6A 24VDC,ABB,ABB Installation,BALDOR,ABB Inc
CSNE151-100-123,CLOSED LOOP CURRENT SENSOR 25A PCB MOUNT,HONEYWELL,Honeywell Sensing,HONEYWELL,Honeywell International
P2LBX512ESNDDB49-123,VALVE SOLENOID 24VDC 5/2 WAY 1/4 NPT,PARKER,,PARKER,Parker Hannifin
100-C09EJ01-124,CONTACTOR 9A 24VDC 1NC 3P IEC,,Allen-Bradley,,Rockwell Automation
LC1D25BD-124,CONTACTOR 25A 24VDC 3P TEESYS D,SQUARE D,Schneider Electric,,
6ES7214-1AG40-0XB0-124,SIMATIC S7-1200 CPU 1214C DC/DC/DC 14DI/10DQ/2AI,SIEMENS,Siemens AG,SIEMENS,Siemens Industry
XTCE018C10TD-124,CONTACTOR 18A 24VDC 1NO 3P FRAME C,EATON,Eaton Bussmann,CUTLER-HAMMER,Eaton
CP1-10G-10-124,PUSHBUTTON 22MM COMPACT GREEN FLUSH 1NO,ABB,ABB Installation,BALDOR,ABB Inc
14CE2-1-124,COMPACT ENCLOSED SWITCH ROLLER PLUNGER 1M,HONEYWELL,Honeywell Sensing,HONEYWELL,Honeywell International
PS1-E111-124,PNEUMATIC PRESSURE SWITCH 1-10 BAR DIN CONNECTOR,PARKER,Parker Hannifin,PARKER,Parker Hannifin
140G-G6C3-C50-125,MOLDED CASE CIR BRKR 50A 3P 480V,ALLEN BRADLEY,Allen-Bradley,ROCKWELL,Rockwell Automation
LADN22-125,AUXILIARY CONTACT BLOCK 2NO+2NC TEESYS,SQUARE D,Schneider Electric,SQUARED,Schneider Electric
3RV2011-1AA10-125,CIR BRKR SIZE S00 FOR MOTOR PROT 0.9-1.25A,SIEMENS,,SIEMENS,Siemens Industry
KTK-R-15-125,CLASS CC FAST ACTING FUSE 15A 600V,,Eaton Bussmann,,Eaton
ACS380-040S-02A6-4-125,MACHINERY DRIVE 1HP 480V 3PH IP20,ABB,ABB Installation,,
AML21BBA2AA-125,PUSHBUTTON PUSH-ON/PUSH-OFF SQUARE ILLUM,HONEYWELL,Honeywell Sensing,HONEYWELL,Honeywell International
MA33D-1/4-125,PRESSURE GAUGE 0-160 PSI 1/4 NPT BACK MOUNT,PARKER,Parker Hannifin,PARKER,Parker Hannifin
1756-L83E-126,CONTROLLOGIX 5580 CONTROLLER 10MB,ALLEN BRADLEY,Allen-Bradley,ROCKWELL,Rockwell Automation
TM221CE16R-126,MODICON M221 PLC 16 IO RELAY ETHERNET,SQUARE D,Schneider Electric,SQUARED,Schneider Electric
3SE5112-0CD02-126,LIMIT SWITCH METAL ENCLOSURE ROLLER PLUNGER,SIEMENS,Siemens AG,SIEMENS,Siemens Industry
DG1-34012FB-C21C-126,POWERXL DG1 VFD 7.5HP 480V IP21,EATON,Eaton Bussmann,CUTLER-HAMMER,Eaton
XT2N 125 EKIP LS/I IN=25A-126,TMAX XT2 CIR BRKR 25A 3P 600V,ABB,ABB Installation,BALDOR,ABB Inc
SZL-VL-S-J-126,MINIATURE LIMIT SWITCH CROSS ROLLER PLUNGER,HONEYWELL,,HONEYWELL,Honeywell International
06F22AC-126,PNEUMATIC FILTER 1/4 NPT 5 MICRON COMPACT,,Parker Hannifin,,Parker Hannifin
800T-A1A-127,PUSHBUTTON 30.5MM MOMENTARY BLACK FLUSH,ALLEN BRADLEY,Allen-Bradley,,
XB4BA21-127,PUSHBUTTON 22MM FLUSH BLACK SPRING RETURN,SQUARE D,Schneider Electric,SQUARED,Schneider Electric
6SL3210-1KE13-2UB2-127,SINAMICS G120C 1.5KW 400V 3AC PROFINET,SIEMENS,Siemens AG,SIEMENS,Siemens Industry
M22-D-G-127,PUSHBUTTON 22.5MM NON-ILLUM GREEN FLUSH,EATON,Eaton Bussmann,CUTLER-HAMMER,Eaton
TA25DU-11-127,THERMAL OVERLOAD RELAY 7.5-11A FOR AF09-AF38,ABB,ABB Installation,BALDOR,ABB Inc
MICRO SWITCH BZ-2RW82-A2-127,PREMIUM LARGE BASIC SWITCH SPDT 15A 125V,HONEYWELL,Honeywell Sensing,HONEYWELL,Honeywell International
DX1-411-BL49-127,ISO 5599-1 SIZE 1 VALVE 5/2 SINGLE SOLENOID 24VDC,PARKER,Parker Hannifin,PARKER,Parker Hannifin
193-EEB-128,ELECTRONIC OVERLOAD RELAY 1-5A,ALLEN BRADLEY,Allen-Bradley,ROCKWELL,Rockwell Automation
QO120-128,CIR BRKR 20A 1P 120V PLUG-IN 10KA,SQUARE D,,SQUARED,Schneider Electric
3RT2015-1BB41-128,POWER CONTACTOR 7A 24VDC 3P S00 SCREW,,Siemens AG,,Siemens Industry
LPJ-30SP-128,LOW-PEAK TIME DELAY FUSE 30A 600V DUAL ELEM,EATON,Eaton Bussmann,,
EM3558T-128,BALDOR RELIANCE MOTOR 3HP 1800RPM 3PH 56C TEFC,ABB,ABB Installation,BALDOR,ABB Inc
SS49E-128,LINEAR HALL EFFECT SENSOR 3-PIN RADIAL,HONEYWELL,Honeywell Sensing,HONEYWELL,Honeywell International
341N01-128,VALVE SOLENOID 2-WAY NC 1/4 NPT BRASS 120V,PARKER,Parker Hannifin,PARKER,Parker Hannifin
5069-IB16-129,COMPACT 5000 16PT 24VDC INPUT MODULE,ALLEN BRADLEY,Allen-Bradley,ROCKWELL,Rockwell Automation
ATV320U15N4B-129,ALTIVAR 320 VFD 2HP 480V 3PH COMPACT,SQUARE D,Schneider Electric,SQUARED,Schneider Electric
3VA5110-4EC31-0AA0-129,MOLDED CASE CIR BRKR 100A 3P 480V 25KA,SIEMENS,Siemens AG,SIEMENS,Siemens Industry
PSG240E24RM-129,POWER SUPPLY 24VDC 10A 240W DIN RAIL,EATON,Eaton Bussmann,CUTLER-HAMMER,Eaton
S203-C20-129,MINIATURE CIR BRKR 20A 3P 480Y/277V C CURVE,ABB,,BALDOR,ABB Inc
24PCEFA6G-129,PRESSURE SENSOR 0-0.5 PSI GAUGE PCB MOUNT,,Honeywell Sensing,,Honeywell International
06R213AC-129,PNEUMATIC REGULATOR 1/4 NPT 0-125 PSI,PARKER,Parker Hannifin,,
700-HA32A24-130,RELAY 24VAC 10A 2PDT OCTAL TUBE,ALLEN BRADLEY,Allen-Bradley,ROCKWELL,Rockwell Automation
RPM31BD-130,POWER RELAY 15A 3PDT 24VDC WITH LED,SQUARE D,Schneider Electric,SQUARED,Schneider Electric
3RU2116-1BB0-130,THERMAL OVERLOAD RELAY 1.4-2.0A SIZE S00,SIEMENS,Siemens AG,SIEMENS,Siemens Industry
E57-18LE12-A-130,PROX SENSOR INDUCTIVE M18 12MM NPN NO,EATON,Eaton Bussmann,CUTLER-HAMMER,Eaton
CP-E 24/2.5-130,POWER SUPPLY 24VDC 2.5A 100-240VAC IN,ABB,ABB Installation,BALDOR,ABB Inc
HIH-4000-001-130,HUMIDITY SENSOR ANALOG VOLTAGE OUTPUT,HONEYWELL,Honeywell Sensing,HONEYWELL,Honeywell International
F442-10-10-130,HYDRAULIC HOSE FITTING FEMALE JIC 5/8 TUBE,PARKER,Parker Hannifin,PARKER,Parker Hannifin
140U-J0D3-C40-131,CIR BRKR 40A 3P 600V MOLDED CASE,ALLEN BRADLEY,,ROCKWELL,Rockwell Automation
QO3100-131,CIR BRKR 100A 3P 240V PLUG-IN 10KA,,Schneider Electric,,Schneider Electric
3SU1000-0AB10-0AA0-131,PUSHBUTTON 22MM ROUND PLASTIC BLACK FLUSH,SIEMENS,Siemens AG,,
BAB3030H-131,CIR BRKR 30A 3P 240V BOLT-ON 10KA,EATON,Eaton Bussmann,CUTLER-HAMMER,Eaton
OT16F3-131,DISCONNECT SWITCH 3P 16A DOOR MOUNT,ABB,ABB Installation,BALDOR,ABB Inc
PX2AN1XX150PSAAX-131,HEAVY DUTY PRESSURE TRANSDUCER 150 PSI,HONEYWELL,Honeywell Sensing,HONEYWELL,Honeywell International
PL-4-2-131,PUSH-TO-CONNECT FITTING 1/4 TUBE X 1/8 NPT MALE,PARKER,Parker Hannifin,PARKER,Parker Hannifin
25B-D010N104-132,POWERFLEX 525 VFD 5HP 480VAC 3PH,ALLEN BRADLEY,Allen-Bradley,ROCKWELL,Rockwell Automation
PKF16M434-132,PRATIKE INDUSTRIAL PLUG 16A 3P+E 400V IP44,SQUARE D,Schneider Electric,SQUARED,Schneider Electric
6GK5005-0BA00-1AB2-132,SCALANCE X005 UNMANAGED IE SWITCH 5 RJ45,SIEMENS,Siemens AG,SIEMENS,Siemens Industry
FNQ-R-10-132,CLASS CC TIME DELAY FUSE 10A 600V,EATON,,CUTLER-HAMMER,Eaton
AF16-30-10-13-132,CONTACTOR 16A 100-250VAC/DC 3P 1NO,,ABB Installation,,ABB Inc
GLAC01A1B-132,GLOBAL LIMIT SWITCH 1NC/1NO SPDT SNAP ACTION,HONEYWELL,Honeywell Sensing,,
06L22AC-132,PNEUMATIC LUBRICATOR 1/4 NPT STANDARD MIST,PARKER,Parker Hannifin,PARKER,Parker Hannifin
42EF-D1MNAK-A2-133,PHOTOSENSOR RETRO 24VDC NPN/PNP 2M,ALLEN BRADLEY,Allen-Bradley,ROCKWELL,Rockwell Automation
XMLB010A2S12-133,PRESSURE SWITCH 10 BAR ADJUSTABLE SCALE,SQUARE D,Schneider Electric,SQUARED,Schneider Electric
6EP1333-2BA20-133,SITOP POWER SUPPLY 24VDC 5A 120/230VAC,SIEMENS,Siemens AG,SIEMENS,Siemens Industry
C25DNF340A-133,DEFINITE PURPOSE CONTACTOR 40A 3P 120VAC,EATON,Eaton Bussmann,CUTLER-HAMMER,Eaton
CR-M024DC4-133,PLUG-IN MINIATURE RELAY 4PDT 6A 24VDC,ABB,ABB Installation,BALDOR,ABB Inc
CSNE151-100-133,CLOSED LOOP CURRENT SENSOR 25A PCB MOUNT,HONEYWELL,Honeywell Sensing,HONEYWELL,Honeywell International
P2LBX512ESNDDB49-133,VALVE SOLENOID 24VDC 5/2 WAY 1/4 NPT,PARKER,,PARKER,Parker Hannifin
100-C09EJ01-134,CONTACTOR 9A 24VDC 1NC 3P IEC,,Allen-Bradley,,Rockwell Automation
LC1D25BD-134,CONTACTOR 25A 24VDC 3P TEESYS D,SQUARE D,Schneider Electric,,
6ES7214-1AG40-0XB0-134,SIMATIC S7-1200 CPU 1214C DC/DC/DC 14DI/10DQ/2AI,SIEMENS,Siemens AG,SIEMENS,Siemens Industry
XTCE018C10TD-134,CONTACTOR 18A 24VDC 1NO 3P FRAME C,EATON,Eaton Bussmann,CUTLER-HAMMER,Eaton
CP1-10G-10-134,PUSHBUTTON 22MM COMPACT GREEN FLUSH 1NO,ABB,ABB Installation,BALDOR,ABB Inc
14CE2-1-134,COMPACT ENCLOSED SWITCH ROLLER PLUNGER 1M,HONEYWELL,Honeywell Sensing,HONEYWELL,Honeywell International
PS1-E111-134,PNEUMATIC PRESSURE SWITCH 1-10 BAR DIN CONNECTOR,PARKER,Parker Hannifin,PARKER,Parker Hannifin
140G-G6C3-C50-135,MOLDED CASE CIR BRKR 50A 3P 480V,ALLEN BRADLEY,Allen-Bradley,ROCKWELL,Rockwell Automation
LADN22-135,AUXILIARY CONTACT BLOCK 2NO+2NC TEESYS,SQUARE D,Schneider Electric,SQUARED,Schneider Electric
3RV2011-1AA10-135,CIR BRKR SIZE S00 FOR MOTOR PROT 0.9-1.25A,SIEMENS,,SIEMENS,Siemens Industry
KTK-R-15-135,CLASS CC FAST ACTING FUSE 15A 600V,,Eaton Bussmann,,Eaton
ACS380-040S-02A6-4-135,MACHINERY DRIVE 1HP 480V 3PH IP20,ABB,ABB Installation,,
AML21BBA2AA-135,PUSHBUTTON PUSH-ON/PUSH-OFF SQUARE ILLUM,HONEYWELL,Honeywell Sensing,HONEYWELL,Honeywell International
MA33D-1/4-135,PRESSURE GAUGE 0-160 PSI 1/4 NPT BACK MOUNT,PARKER,Parker Hannifin,PARKER,Parker Hannifin
1756-L83E-136,CONTROLLOGIX 5580 CONTROLLER 10MB,ALLEN BRADLEY,Allen-Bradley,ROCKWELL,Rockwell Automation
TM221CE16R-136,MODICON M221 PLC 16 IO RELAY ETHERNET,SQUARE D,Schneider Electric,SQUARED,Schneider Electric
3SE5112-0CD02-136,LIMIT SWITCH METAL ENCLOSURE ROLLER PLUNGER,SIEMENS,Siemens AG,SIEMENS,Siemens Industry
DG1-34012FB-C21C-136,POWERXL DG1 VFD 7.5HP 480V IP21,EATON,Eaton Bussmann,CUTLER-HAMMER,Eaton
XT2N 125 EKIP LS/I IN=25A-136,TMAX XT2 CIR BRKR 25A 3P 600V,ABB,ABB Installation,BALDOR,ABB Inc
SZL-VL-S-J-136,MINIATURE LIMIT SWITCH CROSS ROLLER PLUNGER,HONEYWELL,,HONEYWELL,Honeywell International
06F22AC-136,PNEUMATIC FILTER 1/4 NPT 5 MICRON COMPACT,,Parker Hannifin,,Parker Hannifin
800T-A1A-137,PUSHBUTTON 30.5MM MOMENTARY BLACK FLUSH,ALLEN BRADLEY,Allen-Bradley,,
XB4BA21-137,PUSHBUTTON 22MM FLUSH BLACK SPRING RETURN,SQUARE D,Schneider Electric,SQUARED,Schneider Electric
6SL3210-1KE13-2UB2-137,SINAMICS G120C 1.5KW 400V 3AC PROFINET,SIEMENS,Siemens AG,SIEMENS,Siemens Industry
M22-D-G-137,PUSHBUTTON 22.5MM NON-ILLUM GREEN FLUSH,EATON,Eaton Bussmann,CUTLER-HAMMER,Eaton
TA25DU-11-137,THERMAL OVERLOAD RELAY 7.5-11A FOR AF09-AF38,ABB,ABB Installation,BALDOR,ABB Inc
MICRO SWITCH BZ-2RW82-A2-137,PREMIUM LARGE BASIC SWITCH SPDT 15A 125V,HONEYWELL,Honeywell Sensing,HONEYWELL,Honeywell International
DX1-411-BL49-137,ISO 5599-1 SIZE 1 VALVE 5/2 SINGLE SOLENOID 24VDC,PARKER,Parker Hannifin,PARKER,Parker Hannifin
193-EEB-138,ELECTRONIC OVERLOAD RELAY 1-5A,ALLEN BRADLEY,Allen-Bradley,ROCKWELL,Rockwell Automation
QO120-138,CIR BRKR 20A 1P 120V PLUG-IN 10KA,SQUARE D,,SQUARED,Schneider Electric
3RT2015-1BB41-138,POWER CONTACTOR 7A 24VDC 3P S00 SCREW,,Siemens AG,,Siemens Industry
LPJ-30SP-138,LOW-PEAK TIME DELAY FUSE 30A 600V DUAL ELEM,EATON,Eaton Bussmann,,
EM3558T-138,BALDOR RELIANCE MOTOR 3HP 1800RPM 3PH 56C TEFC,ABB,ABB Installation,BALDOR,ABB Inc
SS49E-138,LINEAR HALL EFFECT SENSOR 3-PIN RADIAL,HONEYWELL,Honeywell Sensing,HONEYWELL,Honeywell International
341N01-138,VALVE SOLENOID 2-WAY NC 1/4 NPT BRASS 120V,PARKER,Parker Hannifin,PARKER,Parker Hannifin
5069-IB16-139,COMPACT 5000 16PT 24VDC INPUT MODULE,ALLEN BRADLEY,Allen-Bradley,ROCKWELL,Rockwell Automation
ATV320U15N4B-139,ALTIVAR 320 VFD 2HP 480V 3PH COMPACT,SQUARE D,Schneider Electric,SQUARED,Schneider Electric
3VA5110-4EC31-0AA0-139,MOLDED CASE CIR BRKR 100A 3P 480V 25KA,SIEMENS,Siemens AG,SIEMENS,Siemens Industry
PSG240E24RM-139,POWER SUPPLY 24VDC 10A 240W DIN RAIL,EATON,Eaton Bussmann,CUTLER-HAMMER,Eaton
S203-C20-139,MINIATURE CIR BRKR 20A 3P 480Y/277V C CURVE,ABB,,BALDOR,ABB Inc
24PCEFA6G-139,PRESSURE SENSOR 0-0.5 PSI GAUGE PCB MOUNT,,Honeywell Sensing,,Honeywell International
06R213AC-139,PNEUMATIC REGULATOR 1/4 NPT 0-125 PSI,PARKER,Parker Hannifin,,
700-HA32A24-140,RELAY 24VAC 10A 2PDT OCTAL TUBE,ALLEN BRADLEY,Allen-Bradley,ROCKWELL,Rockwell Automation
RPM31BD-140,POWER RELAY 15A 3PDT 24VDC WITH LED,SQUARE D,Schneider Electric,SQUARED,Schneider Electric
3RU2116-1BB0-140,THERMAL OVERLOAD RELAY 1.4-2.0A SIZE S00,SIEMENS,Siemens AG,SIEMENS,Siemens Industry
E57-18LE12-A-140,PROX SENSOR INDUCTIVE M18 12MM NPN NO,EATON,Eaton Bussmann,CUTLER-HAMMER,Eaton
CP-E 24/2.5-140,POWER SUPPLY 24VDC 2.5A 100-240VAC IN,ABB,ABB Installation,BALDOR,ABB Inc
HIH-4000-001-140,HUMIDITY SENSOR ANALOG VOLTAGE OUTPUT,HONEYWELL,Honeywell Sensing,HONEYWELL,Honeywell International
F442-10-10-140,HYDRAULIC HOSE FITTING FEMALE JIC 5/8 TUBE,PARKER,Parker Hannifin,PARKER,Parker Hannifin
140U-J0D3-C40-141,CIR BRKR 40A 3P 600V MOLDED CASE,ALLEN BRADLEY,,ROCKWELL,Rockwell Automation
QO3100-141,CIR BRKR 100A 3P 240V PLUG-IN 10KA,,Schneider Electric,,Schneider Electric
3SU1000-0AB10-0AA0-141,PUSHBUTTON 22MM ROUND PLASTIC BLACK FLUSH,SIEMENS,Siemens AG,,
BAB3030H-141,CIR BRKR 30A 3P 240V BOLT-ON 10KA,EATON,Eaton Bussmann,CUTLER-HAMMER,Eaton
OT16F3-141,DISCONNECT SWITCH 3P 16A DOOR MOUNT,ABB,ABB Installation,BALDOR,ABB Inc
PX2AN1XX150PSAAX-141,HEAVY DUTY PRESSURE TRANSDUCER 150 PSI,HONEYWELL,Honeywell Sensing,HONEYWELL,Honeywell International
PL-4-2-141,PUSH-TO-CONNECT FITTING 1/4 TUBE X 1/8 NPT MALE,PARKER,Parker Hannifin,PARKER,Parker Hannifin
25B-D010N104-142,POWERFLEX 525 VFD 5HP 480VAC 3PH,ALLEN BRADLEY,Allen-Bradley,ROCKWELL,Rockwell Automation
PKF16M434-142,PRATIKE INDUSTRIAL PLUG 16A 3P+E 400V IP44,SQUARE D,Schneider Electric,SQUARED,Schneider Electric
6GK5005-0BA00-1AB2-142,SCALANCE X005 UNMANAGED IE SWITCH 5 RJ45,SIEMENS,Siemens AG,SIEMENS,Siemens Industry
FNQ-R-10-142,CLASS CC TIME DELAY FUSE 10A 600V,EATON,,CUTLER-HAMMER,Eaton
AF16-30-10-13-142,CONTACTOR 16A 100-250VAC/DC 3P 1NO,,ABB Installation,,ABB Inc
GLAC01A1B-142,GLOBAL LIMIT SWITCH 1NC/1NO SPDT SNAP ACTION,HONEYWELL,Honeywell Sensing,,
06L22AC-142,PNEUMATIC LUBRICATOR 1/4 NPT STANDARD MIST,PARKER,Parker Hannifin,PARKER,Parker Hannifin
42EF-D1MNAK-A2-143,PHOTOSENSOR RETRO 24VDC NPN/PNP 2M,ALLEN BRADLEY,Allen-Bradley,ROCKWELL,Rockwell Automation
XMLB010A2S12-143,PRESSURE SWITCH 10 BAR ADJUSTABLE SCALE,SQUARE D,Schneider Electric,SQUARED,Schneider Electric
6EP1333-2BA20-143,SITOP POWER SUPPLY 24VDC 5A 120/230VAC,SIEMENS,Siemens AG,SIEMENS,Siemens Industry
C25DNF340A-143,DEFINITE PURPOSE CONTACTOR 40A 3P 120VAC,EATON,Eaton Bussmann,CUTLER-HAMMER,Eaton
CR-M024DC4-143,PLUG-IN MINIATURE RELAY 4PDT 6A 24VDC,ABB,ABB Installation,BALDOR,ABB Inc
CSNE151-100-143,CLOSED LOOP CURRENT SENSOR 25A PCB MOUNT,HONEYWELL,Honeywell Sensing,HONEYWELL,Honeywell International
